year,round,home,away,home.xScore,away.xScore
2014,1,COLL,FRE,57.06,117.59
2014,1,GWS,SYD,90.55,63.59
2014,1,GCFC,RICH,101.69,69.91
2014,1,CARL,PORT,92.78,112.97
2014,1,GEEL,ADEL,112.15,70.24
2014,1,NMFC,ESS,44.73,91.79
2014,1,HAW,BL,125.99,92.11
2014,1,STK,MELB,59.28,61.9
2014,1,WCE,WB,114.1,56.2
2014,2,RICH,CARL,87.5,89.04
2014,2,ESS,HAW,81.12,92.7
2014,2,STK,GWS,70.41,84.78
2014,2,PORT,ADEL,115.68,58.33
2014,2,SYD,COLL,69.94,86.3
2014,2,FRE,GCFC,87.77,46.74
2014,2,BL,GEEL,58.84,94.22
2014,2,MELB,WCE,34.3,107.52
2014,2,WB,NMFC,52.88,87.69
2014,3,HAW,FRE,110.39,79.3
2014,3,WB,RICH,95.99,81.26
2014,3,ADEL,SYD,93.9,98.23
2014,3,GCFC,BL,94.55,60.45
2014,3,COLL,GEEL,64.69,91.83
2014,3,WCE,STK,89.89,66.42
2014,3,GWS,MELB,83.43,35.45
2014,3,NMFC,PORT,103.39,94.39
2014,3,ESS,CARL,113.28,57.72
2014,4,RICH,COLL,58.73,102.36
2014,4,CARL,MELB,74.94,68.92
2014,4,PORT,BL,143.09,45.07
2014,4,GWS,WB,81.19,95.05
2014,4,GCFC,HAW,49.35,123.52
2014,4,GEEL,WCE,106.5,41.18
2014,4,SYD,NMFC,48.7,87.96
2014,4,STK,ADEL,51.83,120.93
2014,4,FRE,ESS,85.53,53.49
2014,5,BL,RICH,68.95,100.58
2014,5,COLL,NMFC,104.15,48.17
2014,5,SYD,FRE,95.12,59.35
2014,5,ESS,STK,69.24,77.83
2014,5,WCE,PORT,80.49,70.82
2014,5,ADEL,GWS,124.15,64.74
2014,5,MELB,GCFC,76.29,94.07
2014,5,WB,CARL,92.78,106.85
2014,5,GEEL,HAW,98.18,87.8
2014,6,COLL,ESS,91.47,62.06
2014,6,STK,BL,93.33,66.94
2014,6,FRE,NMFC,69.94,79.7
2014,6,GCFC,GWS,127.35,97.73
2014,6,CARL,WCE,83.02,103.11
2014,6,MELB,SYD,47.62,78.84
2014,6,WB,ADEL,92.16,105.02
2014,6,RICH,HAW,53.47,96.87
2014,6,PORT,GEEL,108.61,77.52
2014,7,CARL,COLL,66.66,100.13
2014,7,HAW,STK,156.38,21.55
2014,7,GWS,PORT,80.05,123.3
2014,7,ADEL,MELB,81.43,53.49
2014,7,ESS,WB,74.98,63.58
2014,7,BL,SYD,50.72,116.64
2014,7,NMFC,GCFC,65.49,107.12
2014,7,GEEL,RICH,79.13,56.99
2014,7,WCE,FRE,72.21,68.55
2014,8,SYD,HAW,112.38,84.71
2014,8,PORT,FRE,91.93,80.35
2014,8,BL,ESS,58.57,57.71
2014,8,MELB,WB,72.73,74.83
2014,8,WCE,GWS,138.25,60.81
2014,8,STK,CARL,76.47,90.94
2014,9,ADEL,COLL,88.74,66.04
2014,9,ESS,SYD,66.56,84.71
2014,9,RICH,MELB,94.59,74.38
2014,9,NMFC,BL,143.74,26.66
2014,9,FRE,GEEL,105.96,55.95
2014,9,STK,GCFC,77.02,107.92
2014,10,GEEL,NMFC,115.01,99.66
2014,10,GWS,RICH,50.03,128.91
2014,10,COLL,WCE,89.0,97.24
2014,10,PORT,HAW,94.3,78.08
2014,10,GCFC,WB,110.52,79.77
2014,10,CARL,ADEL,75.63,93.81
2014,11,SYD,GEEL,138.33,38.75
2014,11,STK,COLL,53.96,130.73
2014,11,MELB,PORT,80.48,81.89
2014,11,BL,CARL,91.98,87.46
2014,11,ESS,RICH,98.09,51.17
2014,11,ADEL,GCFC,105.63,67.8
2014,11,WB,FRE,67.17,95.07
2014,11,HAW,GWS,78.88,73.84
2014,11,WCE,NMFC,48.13,88.89
2014,12,GEEL,CARL,98.08,104.83
2014,12,HAW,WCE,122.31,62.38
2014,12,PORT,STK,120.52,47.37
2014,12,WB,BL,82.29,81.15
2014,12,GWS,ESS,63.37,85.03
2014,12,GCFC,SYD,83.82,92.72
2014,12,FRE,ADEL,105.75,51.11
2014,12,NMFC,RICH,119.96,80.94
2014,12,MELB,COLL,30.22,67.18
2014,13,CARL,HAW,97.95,98.67
2014,13,RICH,FRE,74.16,87.3
2014,13,SYD,PORT,89.13,101.89
2014,13,WCE,GCFC,77.19,90.22
2014,13,BL,GWS,68.14,121.13
2014,13,ADEL,NMFC,90.79,81.51
2014,13,GEEL,STK,114.91,35.34
2014,13,COLL,WB,79.86,100.23
2014,13,ESS,MELB,88.1,69.45
2014,14,RICH,SYD,51.92,55.43
2014,14,PORT,WB,118.46,60.9
2014,14,HAW,COLL,103.08,75.14
2014,14,GCFC,GEEL,122.4,72.25
2014,14,FRE,BL,105.48,21.53
2014,14,ESS,ADEL,74.55,83.27
2014,14,GWS,CARL,90.3,83.81
2014,14,STK,WCE,73.87,99.47
2014,14,MELB,NMFC,58.63,115.29
2014,15,GEEL,ESS,86.65,82.36
2014,15,HAW,GCFC,97.52,48.12
2014,15,STK,RICH,59.53,107.73
2014,15,FRE,WCE,91.39,85.19
2014,15,SYD,GWS,117.66,65.75
2014,15,BL,NMFC,51.14,76.83
2014,15,WB,MELB,79.59,76.7
2014,15,ADEL,PORT,96.0,86.01
2014,15,COLL,CARL,89.44,73.22
2014,16,NMFC,HAW,109.32,84.69
2014,16,RICH,BL,76.75,51.39
2014,16,GWS,ADEL,94.12,140.97
2014,16,GCFC,COLL,82.71,80.54
2014,16,PORT,ESS,70.86,74.72
2014,16,MELB,FRE,49.21,84.66
2014,16,CARL,STK,122.4,62.12
2014,16,WCE,SYD,55.78,86.66
2014,16,GEEL,WB,68.89,62.16
2014,17,ADEL,HAW,81.85,102.62
2014,17,MELB,GEEL,30.27,106.1
2014,17,NMFC,STK,96.79,59.87
2014,17,WB,GCFC,93.3,76.17
2014,17,BL,WCE,57.36,73.95
2014,17,SYD,CARL,115.14,47.41
2014,17,RICH,PORT,120.59,95.72
2014,17,ESS,COLL,86.62,36.25
2014,17,FRE,GWS,112.73,55.9
2014,18,CARL,NMFC,88.28,79.83
2014,18,STK,FRE,115.48,44.14
2014,18,GWS,GEEL,90.61,105.94
2014,18,PORT,MELB,72.77,69.9
2014,18,WB,ESS,78.02,93.56
2014,18,WCE,RICH,34.84,55.81
2014,18,BL,GCFC,104.1,53.01
2014,18,HAW,SYD,100.28,83.07
2014,18,COLL,ADEL,76.59,98.64
2014,19,FRE,CARL,84.79,83.03
2014,19,SYD,ESS,79.05,57.55
2014,19,ADEL,WCE,101.9,126.59
2014,19,RICH,GWS,78.21,66.07
2014,19,NMFC,GEEL,88.5,114.91
2014,19,GCFC,STK,117.97,73.9
2014,19,MELB,BL,69.26,67.15
2014,19,HAW,WB,105.74,52.36
2014,19,COLL,PORT,75.2,53.25
2014,20,RICH,ESS,86.34,74.6
2014,20,GWS,NMFC,64.67,109.93
2014,20,CARL,GCFC,85.24,66.95
2014,20,HAW,MELB,114.76,76.12
2014,20,PORT,SYD,84.34,80.25
2014,20,GEEL,FRE,84.86,78.91
2014,20,BL,ADEL,68.32,159.27
2014,20,STK,WB,86.52,122.79
2014,20,WCE,COLL,114.98,58.38
2014,21,CARL,GEEL,75.88,91.73
2014,21,SYD,STK,116.51,55.82
2014,21,GCFC,PORT,38.44,64.89
2014,21,ESS,WCE,79.03,70.85
2014,21,ADEL,RICH,70.91,107.26
2014,21,COLL,BL,57.6,114.33
2014,21,NMFC,WB,101.5,71.06
2014,21,MELB,GWS,58.83,87.47
2014,21,FRE,HAW,87.4,94.0
2014,22,PORT,CARL,146.24,44.59
2014,22,NMFC,ADEL,121.55,105.62
2014,22,ESS,GCFC,97.99,86.46
2014,22,GWS,COLL,72.79,62.76
2014,22,HAW,GEEL,85.9,53.98
2014,22,WCE,MELB,104.73,48.79
2014,22,BL,FRE,46.61,115.94
2014,22,WB,SYD,70.71,112.75
2014,22,RICH,STK,77.67,69.72
2014,23,COLL,HAW,56.1,108.8
2014,23,CARL,ESS,68.64,75.52
2014,23,FRE,PORT,91.62,98.07
2014,23,SYD,RICH,66.54,73.18
2014,23,NMFC,MELB,107.38,84.45
2014,23,GEEL,BL,130.77,75.52
2014,23,GCFC,WCE,88.62,119.18
2014,23,ADEL,STK,111.74,55.91
2014,23,WB,GWS,108.02,100.51
2014,24,HAW,GEEL,89.49,56.35
2014,24,SYD,FRE,98.6,74.37
2014,24,NMFC,ESS,82.82,73.65
2014,24,PORT,RICH,119.58,70.61
2014,25,GEEL,NMFC,86.54,103.42
2014,25,FRE,PORT,103.15,107.25
2014,26,SYD,NMFC,128.6,73.52
2014,26,HAW,PORT,84.16,94.26
2014,27,SYD,HAW,65.26,116.78
2015,1,CARL,RICH,75.89,106.97
2015,1,MELB,GCFC,109.58,78.07
2015,1,SYD,ESS,75.61,57.28
2015,1,BL,COLL,64.77,94.75
2015,1,WB,WCE,93.19,72.55
2015,1,STK,GWS,66.85,98.08
2015,1,ADEL,NMFC,120.04,55.67
2015,1,FRE,PORT,64.9,63.66
2015,1,HAW,GEEL,126.02,62.61
2015,2,WCE,CARL,121.57,63.67
2015,2,RICH,WB,67.34,96.47
2015,2,GWS,MELB,78.12,56.63
2015,2,COLL,ADEL,69.32,94.19
2015,2,GCFC,STK,93.15,98.67
2015,2,PORT,SYD,47.67,81.6
2015,2,GEEL,FRE,58.32,93.48
2015,2,ESS,HAW,70.38,73.44
2015,2,NMFC,BL,129.8,48.77
2015,3,COLL,STK,120.96,62.78
2015,3,CARL,ESS,93.22,92.34
2015,3,ADEL,MELB,69.17,75.92
2015,3,SYD,GWS,107.78,85.84
2015,3,NMFC,PORT,88.6,105.62
2015,3,BL,RICH,61.12,115.92
2015,3,HAW,WB,125.95,48.83
2015,3,GEEL,GCFC,95.04,107.34
2015,3,WCE,FRE,70.79,95.99
2015,4,RICH,MELB,73.62,83.59
2015,4,STK,CARL,76.22,121.88
2015,4,ESS,COLL,56.51,63.58
2015,4,GWS,GCFC,139.1,56.03
2015,4,PORT,HAW,83.42,92.56
2015,4,FRE,SYD,71.47,61.54
2015,4,BL,WCE,74.02,121.92
2015,4,GEEL,NMFC,64.86,73.93
2015,4,WB,ADEL,131.85,69.83
2015,5,CARL,COLL,56.28,115.78
2015,5,RICH,GEEL,71.42,86.26
2015,5,SYD,WB,83.48,80.12
2015,5,GCFC,BL,113.69,54.42
2015,5,NMFC,HAW,66.43,138.2
2015,5,WCE,GWS,113.49,50.35
2015,5,MELB,FRE,62.85,97.83
2015,5,STK,ESS,87.28,90.03
2015,5,ADEL,PORT,92.51,101.86
2015,6,COLL,GEEL,62.71,84.84
2015,6,NMFC,RICH,104.69,70.22
2015,6,WB,STK,79.42,87.33
2015,6,GWS,HAW,100.37,103.14
2015,6,GCFC,ADEL,69.3,106.76
2015,6,MELB,SYD,59.31,94.47
2015,6,FRE,ESS,71.02,50.9
2015,6,CARL,BL,64.17,79.68
2015,6,PORT,WCE,59.85,78.86
2015,7,ESS,NMFC,87.33,103.63
2015,7,ADEL,STK,111.76,95.14
2015,7,HAW,MELB,126.02,47.26
2015,7,CARL,GWS,45.36,147.15
2015,7,SYD,GEEL,113.8,77.74
2015,7,WCE,GCFC,114.16,35.98
2015,7,WB,FRE,71.46,90.83
2015,7,RICH,COLL,81.78,89.74
2015,7,BL,PORT,93.3,85.27
2015,8,GEEL,CARL,110.09,69.37
2015,8,STK,WCE,62.72,118.91
2015,8,GWS,ADEL,99.4,74.79
2015,8,GCFC,COLL,69.67,122.26
2015,8,HAW,SYD,84.12,64.12
2015,8,FRE,NMFC,115.01,52.18
2015,8,ESS,BL,116.61,61.47
2015,8,MELB,WB,82.76,70.26
2015,8,PORT,RICH,58.47,69.7
2015,9,SYD,CARL,102.38,58.89
2015,9,HAW,GCFC,79.33,34.11
2015,9,MELB,PORT,58.29,92.28
2015,9,WB,GWS,112.94,46.81
2015,9,RICH,ESS,67.24,60.55
2015,9,ADEL,FRE,76.04,57.61
2015,9,BL,STK,70.76,106.12
2015,9,COLL,NMFC,85.57,95.84
2015,9,WCE,GEEL,143.66,54.28
2015,10,FRE,RICH,63.77,75.79
2015,10,CARL,ADEL,74.95,102.54
2015,10,GCFC,SYD,54.32,92.5
2015,10,ESS,GEEL,62.83,96.55
2015,10,PORT,WB,80.41,56.16
2015,10,GWS,BL,103.56,63.5
2015,10,NMFC,WCE,75.13,64.05
2015,10,STK,HAW,63.28,120.95
2015,10,MELB,COLL,78.68,89.7
2015,11,PORT,GEEL,54.69,89.56
2015,11,GCFC,FRE,35.06,76.02
2015,11,WCE,ESS,97.97,54.43
2015,11,NMFC,SYD,91.1,73.43
2015,11,COLL,GWS,91.51,75.26
2015,11,STK,MELB,86.65,77.75
2015,12,ADEL,HAW,84.08,103.77
2015,12,RICH,WCE,66.7,92.51
2015,12,CARL,PORT,90.99,90.46
2015,12,GWS,NMFC,63.23,108.86
2015,12,WB,BL,124.74,68.27
2015,12,GEEL,MELB,91.84,91.39
2015,13,FRE,COLL,78.37,55.1
2015,13,SYD,RICH,68.82,84.54
2015,13,HAW,ESS,117.34,78.75
2015,13,BL,ADEL,70.04,94.16
2015,13,STK,WB,66.99,48.77
2015,13,CARL,GCFC,117.46,74.66
2015,14,SYD,PORT,92.07,82.4
2015,14,COLL,HAW,114.77,96.06
2015,14,RICH,GWS,90.95,62.73
2015,14,GCFC,NMFC,106.1,66.75
2015,14,WB,CARL,68.66,69.82
2015,14,MELB,WCE,51.61,112.05
2015,14,ESS,STK,50.58,127.88
2015,14,FRE,BL,75.71,40.76
2015,15,PORT,COLL,64.97,59.99
2015,15,RICH,CARL,78.71,61.22
2015,15,ESS,MELB,58.56,83.33
2015,15,WB,GCFC,97.4,59.66
2015,15,NMFC,GEEL,111.82,77.76
2015,15,WCE,ADEL,141.37,84.89
2015,15,GWS,STK,87.64,53.83
2015,15,HAW,FRE,97.0,45.46
2015,15,BL,SYD,54.74,62.95
2015,16,NMFC,ESS,97.38,72.22
2015,16,GEEL,WB,85.61,61.22
2015,16,GCFC,GWS,72.55,100.89
2015,16,COLL,WCE,62.75,108.28
2015,16,SYD,HAW,71.86,126.14
2015,16,FRE,CARL,109.42,42.75
2015,16,MELB,BL,67.39,52.45
2015,16,PORT,ADEL,106.36,94.63
2015,16,STK,RICH,77.5,95.26
2015,17,CARL,HAW,40.64,153.64
2015,17,GWS,GEEL,42.47,81.25
2015,17,ADEL,GCFC,114.38,79.95
2015,17,RICH,FRE,97.87,76.93
2015,17,BL,NMFC,44.91,111.35
2015,17,ESS,PORT,117.91,96.7
2015,17,WB,COLL,115.07,86.27
2015,17,MELB,STK,62.14,74.84
2015,17,WCE,SYD,89.14,57.1
2015,18,HAW,RICH,51.82,63.04
2015,18,GEEL,BL,108.37,59.41
2015,18,COLL,MELB,65.46,99.22
2015,18,SYD,ADEL,113.03,68.86
2015,18,CARL,NMFC,50.01,92.68
2015,18,GCFC,WCE,87.95,109.3
2015,18,PORT,STK,107.41,67.11
2015,18,ESS,WB,48.87,120.73
2015,18,FRE,GWS,91.95,67.43
2015,19,ADEL,RICH,96.17,43.35
2015,19,COLL,CARL,100.99,78.68
2015,19,WB,PORT,131.44,52.78
2015,19,BL,GCFC,92.29,101.94
2015,19,GEEL,SYD,89.9,68.59
2015,19,WCE,HAW,75.53,93.73
2015,19,MELB,NMFC,83.21,113.84
2015,19,GWS,ESS,88.16,71.83
2015,19,STK,FRE,59.86,75.91
2015,20,SYD,COLL,77.03,86.98
2015,20,ESS,ADEL,62.22,135.25
2015,20,NMFC,STK,106.96,94.76
2015,20,PORT,GWS,111.89,94.0
2015,20,GEEL,HAW,81.11,95.49
2015,20,BL,CARL,98.72,66.16
2015,20,RICH,GCFC,108.96,58.54
2015,20,WB,MELB,130.53,64.7
2015,20,FRE,WCE,93.3,107.47
2015,21,HAW,PORT,86.48,105.65
2015,21,COLL,RICH,57.77,124.58
2015,21,GWS,SYD,45.51,117.81
2015,21,GCFC,ESS,112.23,95.62
2015,21,STK,GEEL,83.21,82.21
2015,21,ADEL,BL,109.2,52.48
2015,21,NMFC,FRE,79.13,80.42
2015,21,CARL,MELB,71.64,64.98
2015,21,WCE,WB,134.05,74.58
2015,22,GEEL,COLL,57.63,89.85
2015,22,GWS,CARL,122.28,56.69
2015,22,HAW,BL,115.36,60.05
2015,22,NMFC,WB,81.64,98.82
2015,22,GCFC,PORT,61.91,84.45
2015,22,ESS,RICH,45.28,85.72
2015,22,ADEL,WCE,110.24,69.47
2015,22,STK,SYD,53.26,123.96
2015,22,FRE,MELB,94.4,44.61
2015,23,RICH,NMFC,98.18,54.99
2015,23,GEEL,ADEL,135.78,69.93
2015,23,BL,WB,130.71,107.4
2015,23,PORT,FRE,114.98,54.1
2015,23,HAW,CARL,104.39,58.14
2015,23,SYD,GCFC,114.39,70.19
2015,23,WCE,STK,140.79,36.81
2015,23,MELB,GWS,106.94,82.98
2015,23,COLL,ESS,78.84,90.97
2015,24,WCE,HAW,90.36,67.66
2015,24,FRE,SYD,61.36,80.89
2015,24,WB,ADEL,108.74,99.72
2015,24,RICH,NMFC,70.51,98.84
2015,25,HAW,ADEL,111.37,65.1
2015,25,SYD,NMFC,51.93,83.89
2015,26,FRE,HAW,64.1,69.17
2015,26,WCE,NMFC,103.83,61.86
2015,27,HAW,WCE,90.55,72.03
2016,1,RICH,CARL,82.12,78.72
2016,1,MELB,GWS,68.71,101.97
2016,1,GCFC,ESS,128.36,51.98
2016,1,NMFC,ADEL,94.73,106.3
2016,1,SYD,COLL,137.21,57.85
2016,1,WB,FRE,108.44,49.03
2016,1,PORT,STK,130.35,87.32
2016,1,WCE,BL,154.17,101.52
2016,1,GEEL,HAW,103.09,82.27
2016,2,COLL,RICH,76.9,98.41
2016,2,ADEL,PORT,131.65,116.49
2016,2,ESS,MELB,80.78,65.78
2016,2,BL,NMFC,90.0,129.71
2016,2,STK,WB,42.75,83.72
2016,2,FRE,GCFC,117.36,121.41
2016,2,GWS,GEEL,76.54,67.57
2016,2,HAW,WCE,99.2,62.3
2016,2,CARL,SYD,76.72,123.57
2016,3,PORT,ESS,109.71,54.84
2016,3,STK,COLL,113.05,79.31
2016,3,RICH,ADEL,97.89,119.93
2016,3,SYD,GWS,89.18,61.03
2016,3,GCFC,CARL,103.38,55.29
2016,3,WCE,FRE,105.28,69.31
2016,3,NMFC,MELB,118.29,110.6
2016,3,WB,HAW,92.86,87.36
2016,3,GEEL,BL,126.15,74.9
2016,4,WCE,RICH,118.64,53.74
2016,4,ESS,GEEL,39.67,93.51
2016,4,HAW,STK,85.63,78.25
2016,4,BL,GCFC,113.68,88.99
2016,4,CARL,WB,48.62,69.81
2016,4,ADEL,SYD,105.54,102.21
2016,4,GWS,PORT,146.78,67.21
2016,4,COLL,MELB,70.75,90.47
2016,4,NMFC,FRE,111.29,109.83
2016,5,HAW,ADEL,100.46,93.89
2016,5,SYD,WCE,92.09,38.42
2016,5,GCFC,NMFC,77.84,116.97
2016,5,WB,BL,128.12,64.93
2016,5,PORT,GEEL,56.16,94.37
2016,5,STK,GWS,72.55,121.7
2016,5,FRE,CARL,82.71,84.84
2016,5,MELB,RICH,113.01,88.88
2016,5,COLL,ESS,119.16,66.64
2016,6,NMFC,WB,60.69,54.84
2016,6,MELB,STK,75.37,144.12
2016,6,ADEL,FRE,112.82,93.27
2016,6,GWS,HAW,145.19,82.43
2016,6,RICH,PORT,61.35,97.5
2016,6,GEEL,GCFC,165.57,52.08
2016,6,BL,SYD,82.05,80.76
2016,6,CARL,ESS,70.06,51.87
2016,6,WCE,COLL,125.1,53.82
2016,7,RICH,HAW,82.57,111.69
2016,7,COLL,CARL,85.08,92.05
2016,7,GEEL,WCE,126.73,70.36
2016,7,SYD,ESS,129.11,61.73
2016,7,GCFC,MELB,66.46,151.62
2016,7,WB,ADEL,125.3,93.56
2016,7,FRE,GWS,79.81,93.95
2016,7,STK,NMFC,66.07,100.54
2016,7,PORT,BL,122.73,86.31
2016,8,ADEL,GEEL,62.83,120.82
2016,8,ESS,NMFC,81.53,88.85
2016,8,HAW,FRE,100.53,71.57
2016,8,GWS,GCFC,149.01,42.26
2016,8,BL,COLL,57.94,159.54
2016,8,RICH,SYD,108.11,83.41
2016,8,CARL,PORT,83.84,105.24
2016,8,MELB,WB,77.06,101.11
2016,8,WCE,STK,115.62,41.17
2016,9,HAW,SYD,58.13,64.81
2016,9,COLL,GEEL,79.95,86.19
2016,9,GCFC,ADEL,77.78,123.28
2016,9,PORT,WCE,86.4,84.71
2016,9,NMFC,CARL,102.62,52.67
2016,9,FRE,RICH,53.8,85.66
2016,9,MELB,BL,137.35,76.58
2016,9,GWS,WB,76.15,73.33
2016,9,STK,ESS,112.97,61.73
2016,10,SYD,NMFC,78.6,68.07
2016,10,BL,HAW,78.12,109.95
2016,10,MELB,PORT,88.49,121.61
2016,10,STK,FRE,93.59,63.08
2016,10,ESS,RICH,62.91,87.82
2016,10,ADEL,GWS,116.87,72.36
2016,10,CARL,GEEL,96.46,91.36
2016,10,COLL,WB,57.92,60.58
2016,10,WCE,GCFC,121.44,76.14
2016,11,NMFC,RICH,120.66,53.65
2016,11,HAW,MELB,92.73,54.64
2016,11,CARL,BL,86.49,71.19
2016,11,GEEL,GWS,102.1,65.3
2016,11,GCFC,SYD,43.27,73.26
2016,11,FRE,ESS,105.85,56.57
2016,11,COLL,PORT,71.99,127.14
2016,11,WB,WCE,80.96,75.4
2016,11,ADEL,STK,151.21,54.77
2016,12,ESS,HAW,48.87,147.56
2016,12,PORT,WB,92.3,82.42
2016,12,BL,FRE,65.52,113.59
2016,12,GEEL,NMFC,99.97,50.86
2016,12,WCE,ADEL,66.09,113.01
2016,12,STK,CARL,89.39,72.74
2016,12,RICH,GCFC,103.78,69.19
2016,12,GWS,SYD,112.39,69.13
2016,12,MELB,COLL,99.04,68.41
2016,13,NMFC,HAW,96.36,85.14
2016,13,BL,WCE,83.41,114.61
2016,13,FRE,PORT,87.64,88.61
2016,13,WB,GEEL,62.03,85.18
2016,13,SYD,MELB,94.11,32.34
2016,13,ESS,GWS,116.94,109.29
2016,14,ADEL,NMFC,138.49,63.52
2016,14,COLL,FRE,81.52,47.56
2016,14,RICH,BL,107.24,76.84
2016,14,GWS,CARL,134.48,66.66
2016,14,STK,GEEL,79.4,91.33
2016,14,HAW,GCFC,83.03,71.31
2016,15,WCE,ESS,122.99,52.19
2016,15,PORT,RICH,83.0,48.34
2016,15,GCFC,STK,124.51,99.08
2016,15,SYD,WB,81.06,71.93
2016,15,CARL,COLL,43.95,66.63
2016,15,MELB,ADEL,88.28,109.79
2016,16,PORT,HAW,68.94,93.13
2016,16,GEEL,SYD,48.42,83.43
2016,16,GWS,COLL,89.23,113.54
2016,16,GCFC,BL,117.04,115.61
2016,16,WB,RICH,82.79,72.66
2016,16,MELB,FRE,98.63,49.7
2016,16,CARL,ADEL,44.53,106.87
2016,16,WCE,NMFC,97.45,65.69
2016,16,ESS,STK,103.27,95.57
2016,17,SYD,HAW,77.72,71.34
2016,17,FRE,GEEL,48.61,79.33
2016,17,RICH,ESS,81.07,87.09
2016,17,NMFC,PORT,95.48,102.96
2016,17,WB,GCFC,128.62,73.84
2016,17,ADEL,COLL,100.8,64.88
2016,17,CARL,WCE,64.84,82.25
2016,17,STK,MELB,134.55,72.66
2016,17,BL,GWS,75.09,135.44
2016,18,COLL,NMFC,76.87,126.24
2016,18,SYD,CARL,83.09,65.48
2016,18,GCFC,FRE,92.63,61.95
2016,18,WCE,MELB,58.14,68.66
2016,18,GEEL,ADEL,80.88,64.81
2016,18,WB,STK,58.62,79.34
2016,18,ESS,BL,115.4,109.19
2016,18,HAW,RICH,124.6,55.73
2016,18,PORT,GWS,60.27,90.22
2016,19,GEEL,WB,95.58,83.65
2016,19,GWS,RICH,89.49,25.93
2016,19,HAW,CARL,78.65,63.36
2016,19,COLL,WCE,78.64,59.69
2016,19,NMFC,STK,92.17,86.87
2016,19,BL,PORT,72.28,194.29
2016,19,MELB,GCFC,65.61,71.5
2016,19,FRE,SYD,35.88,123.04
2016,19,ADEL,ESS,132.35,67.6
2016,20,RICH,COLL,84.26,72.9
2016,20,SYD,PORT,105.67,51.98
2016,20,MELB,HAW,90.04,87.33
2016,20,GCFC,GWS,66.07,89.49
2016,20,WB,NMFC,56.98,48.7
2016,20,ADEL,BL,149.59,32.67
2016,20,CARL,STK,57.22,96.96
2016,20,GEEL,ESS,92.37,52.69
2016,20,FRE,WCE,67.08,97.49
2016,21,WB,COLL,96.3,88.65
2016,21,BL,CARL,80.88,110.98
2016,21,HAW,NMFC,82.15,54.35
2016,21,GWS,WCE,100.45,95.04
2016,21,STK,SYD,70.69,128.04
2016,21,PORT,MELB,47.05,106.05
2016,21,ESS,GCFC,71.42,72.17
2016,21,RICH,GEEL,61.28,83.8
2016,21,FRE,ADEL,58.04,137.21
2016,22,WCE,HAW,87.78,58.0
2016,22,NMFC,SYD,93.93,93.76
2016,22,RICH,STK,56.29,66.2
2016,22,GWS,FRE,116.93,48.08
2016,22,COLL,GCFC,127.64,67.11
2016,22,PORT,ADEL,94.84,130.41
2016,22,CARL,MELB,79.99,84.25
2016,22,BL,GEEL,69.56,127.35
2016,22,ESS,WB,65.69,90.7
2016,23,ADEL,WCE,66.03,112.42
2016,23,GEEL,MELB,128.8,45.83
2016,23,ESS,CARL,93.79,102.2
2016,23,SYD,RICH,146.53,51.27
2016,23,GCFC,PORT,81.25,94.85
2016,23,NMFC,GWS,61.74,106.67
2016,23,STK,BL,121.59,91.04
2016,23,HAW,COLL,98.84,96.03
2016,23,FRE,WB,70.56,50.31
2016,24,WCE,WB,57.31,97.92
2016,24,GEEL,HAW,77.03,80.73
2016,24,SYD,GWS,76.44,106.27
2016,24,ADEL,NMFC,125.65,70.79
2016,25,HAW,WB,94.66,105.6
2016,25,SYD,ADEL,101.5,79.48
2016,26,GEEL,SYD,67.81,79.47
2016,26,GWS,WB,84.13,92.57
2016,27,SYD,WB,60.34,80.39
2017,1,CARL,RICH,72.2,117.29
2017,1,COLL,WB,82.91,83.56
2017,1,STK,MELB,96.81,108.41
2017,1,SYD,PORT,75.18,95.35
2017,1,ESS,HAW,112.53,92.34
2017,1,GCFC,BL,92.72,76.02
2017,1,NMFC,WCE,114.75,121.68
2017,1,ADEL,GWS,130.85,82.44
2017,1,FRE,GEEL,77.34,92.61
2017,2,RICH,COLL,104.26,82.15
2017,2,WB,SYD,106.7,74.88
2017,2,HAW,ADEL,79.44,112.95
2017,2,GWS,GCFC,136.85,63.96
2017,2,BL,ESS,72.96,90.13
2017,2,WCE,STK,97.27,97.94
2017,2,GEEL,NMFC,103.87,94.82
2017,2,MELB,CARL,82.74,64.13
2017,2,PORT,FRE,131.33,57.43
2017,3,SYD,COLL,83.48,85.44
2017,3,NMFC,GWS,63.46,113.76
2017,3,RICH,WCE,75.98,66.92
2017,3,GEEL,MELB,106.38,123.52
2017,3,PORT,ADEL,85.25,93.19
2017,3,FRE,WB,82.65,78.94
2017,3,STK,BL,140.22,66.98
2017,3,CARL,ESS,61.32,40.1
2017,3,GCFC,HAW,122.69,66.96
2017,4,WCE,SYD,89.93,56.53
2017,4,NMFC,WB,95.3,96.28
2017,4,MELB,FRE,99.74,92.73
2017,4,GWS,PORT,105.54,85.66
2017,4,CARL,GCFC,79.57,92.59
2017,4,ADEL,ESS,120.52,75.75
2017,4,COLL,STK,68.09,87.59
2017,4,BL,RICH,61.94,110.17
2017,4,HAW,GEEL,51.06,119.82
2017,5,PORT,CARL,132.23,58.6
2017,5,WB,BL,142.3,78.6
2017,5,GCFC,ADEL,78.16,142.34
2017,5,SYD,GWS,61.01,96.26
2017,5,FRE,NMFC,71.54,62.07
2017,5,STK,GEEL,74.48,122.86
2017,5,HAW,WCE,111.41,85.79
2017,5,RICH,MELB,87.44,50.99
2017,5,ESS,COLL,86.69,88.17
2017,6,GWS,WB,69.33,85.37
2017,6,HAW,STK,57.06,124.27
2017,6,CARL,SYD,78.41,73.1
2017,6,BL,PORT,60.97,153.08
2017,6,NMFC,GCFC,98.78,81.46
2017,6,WCE,FRE,95.81,64.75
2017,6,ESS,MELB,86.92,100.56
2017,6,GEEL,COLL,75.02,94.68
2017,6,ADEL,RICH,119.12,52.57
2017,7,STK,GWS,102.9,78.48
2017,7,NMFC,ADEL,124.04,70.82
2017,7,COLL,CARL,54.81,66.37
2017,7,PORT,WCE,87.44,81.22
2017,7,GCFC,GEEL,124.23,85.95
2017,7,WB,RICH,95.13,78.9
2017,7,SYD,BL,123.28,80.48
2017,7,MELB,HAW,81.11,91.37
2017,7,FRE,ESS,120.28,85.56
2017,8,WCE,WB,89.82,77.76
2017,8,HAW,BL,99.8,67.72
2017,8,STK,CARL,85.13,58.42
2017,8,GWS,COLL,102.26,93.19
2017,8,ESS,GEEL,90.63,102.97
2017,8,ADEL,MELB,79.6,92.84
2017,8,RICH,FRE,66.09,76.51
2017,8,GCFC,PORT,54.12,105.34
2017,8,NMFC,SYD,80.58,107.95
2017,9,GEEL,WB,85.57,74.01
2017,9,STK,SYD,67.02,99.42
2017,9,GWS,RICH,68.07,94.88
2017,9,BL,ADEL,82.66,131.02
2017,9,COLL,HAW,73.84,61.72
2017,9,ESS,WCE,120.62,77.6
2017,9,MELB,NMFC,83.69,105.32
2017,9,FRE,CARL,70.07,52.09
2017,10,GEEL,PORT,93.31,75.62
2017,10,SYD,HAW,69.44,67.4
2017,10,WB,STK,100.35,56.43
2017,10,MELB,GCFC,138.37,76.74
2017,10,RICH,ESS,89.26,63.09
2017,10,ADEL,FRE,140.17,43.08
2017,10,COLL,BL,140.56,60.08
2017,10,CARL,NMFC,80.17,107.5
2017,10,WCE,GWS,85.31,81.28
2017,11,PORT,HAW,116.91,49.08
2017,11,GEEL,ADEL,102.79,65.85
2017,11,GCFC,WCE,91.46,80.12
2017,11,GWS,ESS,95.69,92.73
2017,11,NMFC,RICH,77.71,107.77
2017,11,FRE,COLL,86.63,114.86
2017,12,SYD,WB,94.73,43.79
2017,12,ADEL,STK,107.79,74.45
2017,12,HAW,GCFC,71.82,107.99
2017,12,BL,FRE,102.83,56.86
2017,12,ESS,PORT,123.0,76.81
2017,12,CARL,GWS,73.34,88.65
2017,12,MELB,COLL,100.45,76.52
2017,13,WCE,GEEL,99.1,77.19
2017,13,NMFC,STK,75.68,106.27
2017,13,RICH,SYD,70.57,68.69
2017,13,PORT,BL,118.25,71.43
2017,13,GCFC,CARL,78.43,93.13
2017,13,WB,MELB,58.33,115.34
2017,14,ADEL,HAW,68.01,95.83
2017,14,SYD,ESS,104.24,86.05
2017,14,COLL,PORT,62.21,97.47
2017,14,BL,GWS,89.55,133.26
2017,14,WB,NMFC,113.43,99.5
2017,14,WCE,MELB,95.77,95.52
2017,14,GEEL,FRE,85.21,55.6
2017,14,RICH,CARL,99.06,63.9
2017,14,STK,GCFC,116.29,81.73
2017,15,MELB,SYD,44.76,94.77
2017,15,WB,WCE,79.79,96.58
2017,15,CARL,ADEL,64.3,88.01
2017,15,GCFC,NMFC,97.6,106.06
2017,15,GWS,GEEL,53.57,53.96
2017,15,PORT,RICH,89.05,67.14
2017,15,ESS,BL,90.84,98.53
2017,15,HAW,COLL,107.27,84.86
2017,15,FRE,STK,73.81,99.63
2017,16,ADEL,WB,89.51,60.34
2017,16,HAW,GWS,106.79,85.46
2017,16,COLL,ESS,69.11,104.43
2017,16,SYD,GCFC,134.74,53.48
2017,16,BL,GEEL,70.53,147.3
2017,16,STK,RICH,134.51,86.16
2017,16,NMFC,FRE,70.67,76.89
2017,16,CARL,MELB,77.98,75.01
2017,16,WCE,PORT,82.47,108.12
2017,17,STK,ESS,76.85,123.96
2017,17,GEEL,HAW,84.39,100.96
2017,17,PORT,NMFC,121.31,53.73
2017,17,GCFC,COLL,79.6,101.06
2017,17,GWS,SYD,70.82,93.3
2017,17,MELB,ADEL,73.52,119.35
2017,17,RICH,BL,123.31,72.17
2017,17,CARL,WB,62.23,78.76
2017,17,FRE,WCE,67.22,69.4
2017,18,ADEL,GEEL,92.26,66.84
2017,18,ESS,NMFC,126.32,91.03
2017,18,MELB,PORT,69.74,63.51
2017,18,WB,GCFC,101.2,50.69
2017,18,SYD,STK,118.03,43.68
2017,18,FRE,HAW,48.21,100.15
2017,18,RICH,GWS,62.57,48.44
2017,18,COLL,WCE,91.62,70.76
2017,18,BL,CARL,93.62,89.26
2017,19,HAW,SYD,64.72,68.35
2017,19,NMFC,MELB,76.36,76.17
2017,19,GWS,FRE,111.57,80.65
2017,19,PORT,STK,55.17,72.68
2017,19,GCFC,RICH,50.77,111.79
2017,19,CARL,GEEL,56.2,117.03
2017,19,WB,ESS,119.95,110.54
2017,19,COLL,ADEL,92.66,84.46
2017,19,WCE,BL,102.04,42.32
2017,20,GEEL,SYD,69.75,104.83
2017,20,GWS,MELB,97.34,47.16
2017,20,ESS,CARL,107.61,77.53
2017,20,BL,WB,91.52,117.74
2017,20,NMFC,COLL,69.63,113.73
2017,20,FRE,GCFC,97.53,59.56
2017,20,STK,WCE,96.82,95.1
2017,20,RICH,HAW,104.34,67.03
2017,20,ADEL,PORT,141.45,44.84
2017,21,WB,GWS,64.19,88.9
2017,21,SYD,FRE,120.41,42.72
2017,21,GEEL,RICH,84.57,72.41
2017,21,BL,GCFC,109.34,79.83
2017,21,ESS,ADEL,65.85,116.96
2017,21,WCE,CARL,97.75,84.38
2017,21,MELB,STK,83.02,71.24
2017,21,HAW,NMFC,106.71,77.38
2017,21,PORT,COLL,95.15,65.6
2017,22,ADEL,SYD,93.44,65.92
2017,22,WB,PORT,71.62,89.28
2017,22,COLL,GEEL,53.06,75.48
2017,22,GWS,WCE,76.0,55.61
2017,22,CARL,HAW,71.43,62.25
2017,22,GCFC,ESS,47.05,94.68
2017,22,MELB,BL,88.84,75.87
2017,22,STK,NMFC,120.38,75.28
2017,22,FRE,RICH,53.57,123.92
2017,23,HAW,WB,88.72,88.74
2017,23,COLL,MELB,93.48,78.91
2017,23,BL,NMFC,88.76,127.87
2017,23,SYD,CARL,132.27,56.25
2017,23,GEEL,GWS,102.05,61.23
2017,23,PORT,GCFC,130.48,19.11
2017,23,ESS,FRE,92.93,75.37
2017,23,RICH,STK,92.49,79.61
2017,23,WCE,ADEL,101.56,73.09
2017,24,ADEL,GWS,83.08,54.0
2017,24,GEEL,RICH,48.33,96.34
2017,24,SYD,ESS,98.11,59.62
2017,24,PORT,WCE,96.1,68.34
2017,25,GEEL,SYD,87.52,44.38
2017,25,GWS,WCE,105.14,44.01
2017,26,ADEL,GEEL,108.18,91.6
2017,26,RICH,GWS,96.24,66.36
2017,27,ADEL,RICH,59.9,93.96
2018,1,RICH,CARL,119.96,77.67
2018,1,ESS,ADEL,108.17,99.64
2018,1,STK,BL,101.37,79.69
2018,1,PORT,FRE,108.3,53.31
2018,1,GCFC,NMFC,57.69,47.03
2018,1,HAW,COLL,91.72,58.32
2018,1,GWS,WB,116.78,54.42
2018,1,MELB,GEEL,96.51,107.73
2018,1,WCE,SYD,75.68,97.77
2018,2,ADEL,RICH,102.86,76.97
2018,2,NMFC,STK,120.37,46.56
2018,2,CARL,GCFC,75.99,95.32
2018,2,COLL,GWS,71.59,74.03
2018,2,BL,MELB,87.01,110.65
2018,2,FRE,ESS,96.99,75.49
2018,2,WB,WCE,83.93,113.42
2018,2,SYD,PORT,71.82,79.86
2018,2,GEEL,HAW,90.99,119.34
2018,3,CARL,COLL,79.82,77.99
2018,3,PORT,BL,101.65,80.65
2018,3,MELB,NMFC,121.15,72.04
2018,3,GCFC,FRE,72.32,111.44
2018,3,STK,ADEL,66.42,100.71
2018,3,SYD,GWS,87.47,84.41
2018,3,RICH,HAW,93.35,81.78
2018,3,WB,ESS,116.43,79.65
2018,3,WCE,GEEL,103.43,85.22
2018,4,ADEL,COLL,49.02,98.44
2018,4,GWS,FRE,95.12,39.18
2018,4,RICH,BL,101.91,27.16
2018,4,WB,SYD,69.85,81.63
2018,4,NMFC,CARL,104.26,29.86
2018,4,WCE,GCFC,125.44,55.03
2018,4,ESS,PORT,97.64,88.32
2018,4,HAW,MELB,91.88,60.44
2018,4,GEEL,STK,102.62,75.34
2018,5,SYD,ADEL,78.48,81.18
2018,5,STK,GWS,79.94,86.94
2018,5,CARL,WCE,55.76,87.38
2018,5,PORT,GEEL,56.08,79.71
2018,5,FRE,WB,103.5,49.46
2018,5,NMFC,HAW,97.25,56.4
2018,5,BL,GCFC,80.14,67.93
2018,5,MELB,RICH,49.27,95.33
2018,5,COLL,ESS,111.35,59.96
2018,6,WB,CARL,99.92,76.67
2018,6,GEEL,SYD,70.95,88.71
2018,6,NMFC,PORT,67.99,104.55
2018,6,GWS,BL,80.78,59.55
2018,6,HAW,STK,82.66,68.72
2018,6,ADEL,GCFC,114.58,61.17
2018,6,ESS,MELB,80.37,107.34
2018,6,COLL,RICH,54.39,113.5
2018,6,FRE,WCE,71.27,88.5
2018,7,GEEL,GWS,89.84,41.2
2018,7,WB,GCFC,93.36,70.8
2018,7,ESS,HAW,59.22,88.43
2018,7,WCE,PORT,82.34,52.71
2018,7,SYD,NMFC,87.18,79.33
2018,7,ADEL,CARL,117.41,68.07
2018,7,RICH,FRE,113.02,45.99
2018,7,STK,MELB,82.2,107.45
2018,7,BL,COLL,97.99,96.41
2018,8,HAW,SYD,73.73,64.56
2018,8,GWS,WCE,55.16,93.03
2018,8,CARL,ESS,88.66,86.78
2018,8,GCFC,MELB,71.51,161.82
2018,8,PORT,ADEL,98.24,67.56
2018,8,WB,BL,114.56,85.55
2018,8,FRE,STK,86.23,69.36
2018,8,NMFC,RICH,69.25,75.85
2018,8,COLL,GEEL,60.43,67.04
2018,9,ADEL,WB,54.59,43.25
2018,9,NMFC,GWS,97.91,79.69
2018,9,GCFC,PORT,43.02,111.1
2018,9,ESS,GEEL,87.46,56.45
2018,9,SYD,FRE,80.34,65.46
2018,9,STK,COLL,76.17,105.39
2018,9,CARL,MELB,51.17,143.66
2018,9,BL,HAW,107.13,56.61
2018,9,WCE,RICH,116.06,80.95
2018,10,COLL,WB,83.02,53.66
2018,10,RICH,STK,107.49,71.1
2018,10,BL,SYD,48.69,62.52
2018,10,GEEL,CARL,64.56,47.26
2018,10,GWS,ESS,69.91,86.55
2018,10,HAW,WCE,54.98,59.06
2018,10,MELB,ADEL,130.9,54.4
2018,10,FRE,NMFC,55.74,103.8
2018,11,SYD,CARL,92.88,59.89
2018,11,WB,MELB,58.61,112.09
2018,11,HAW,PORT,66.67,49.16
2018,11,GCFC,GEEL,57.64,129.0
2018,11,ESS,RICH,45.32,107.32
2018,11,WCE,STK,87.99,63.81
2018,11,NMFC,BL,113.4,97.09
2018,11,COLL,FRE,116.74,67.65
2018,11,ADEL,GWS,85.48,99.15
2018,12,PORT,RICH,81.86,65.89
2018,12,GEEL,NMFC,90.53,64.42
2018,12,GWS,GCFC,109.48,20.8
2018,12,STK,SYD,71.0,105.99
2018,12,BL,ESS,81.67,82.93
2018,12,FRE,ADEL,77.22,69.97
2018,12,MELB,COLL,86.46,122.75
2018,13,PORT,WB,133.63,70.13
2018,13,SYD,WCE,79.96,69.83
2018,13,CARL,FRE,57.37,102.41
2018,13,GCFC,STK,69.61,76.75
2018,13,HAW,ADEL,92.69,30.59
2018,13,GEEL,RICH,63.97,81.4
2018,14,WCE,ESS,74.04,70.37
2018,14,PORT,MELB,79.66,74.74
2018,14,HAW,GCFC,110.69,68.79
2018,14,BL,GWS,66.83,103.81
2018,14,WB,NMFC,77.07,71.5
2018,14,COLL,CARL,77.53,51.05
2018,15,RICH,SYD,77.36,49.83
2018,15,WB,GEEL,87.15,106.91
2018,15,CARL,PORT,70.14,83.86
2018,15,ADEL,WCE,96.41,57.85
2018,15,GCFC,COLL,73.31,104.19
2018,15,GWS,HAW,97.99,74.21
2018,15,MELB,STK,99.89,114.63
2018,15,ESS,NMFC,107.27,111.45
2018,15,FRE,BL,71.89,115.41
2018,16,SYD,GEEL,47.48,92.34
2018,16,RICH,ADEL,100.42,56.61
2018,16,BL,CARL,112.05,50.43
2018,16,PORT,STK,96.39,55.12
2018,16,WB,HAW,57.21,111.81
2018,16,MELB,FRE,142.39,34.74
2018,16,NMFC,GCFC,88.75,71.65
2018,16,ESS,COLL,63.09,68.26
2018,16,WCE,GWS,69.29,90.48
2018,17,ADEL,GEEL,117.22,89.48
2018,17,STK,CARL,129.66,48.89
2018,17,HAW,BL,64.87,85.73
2018,17,MELB,WB,104.55,67.3
2018,17,GCFC,ESS,66.58,111.57
2018,17,GWS,RICH,68.61,90.33
2018,17,COLL,WCE,77.06,100.33
2018,17,NMFC,SYD,77.82,91.71
2018,17,FRE,PORT,70.77,47.46
2018,18,STK,RICH,53.81,107.1
2018,18,COLL,NMFC,106.89,65.61
2018,18,SYD,GCFC,73.52,94.63
2018,18,ESS,FRE,106.9,57.74
2018,18,GEEL,MELB,75.21,95.29
2018,18,BL,ADEL,93.87,105.35
2018,18,CARL,HAW,62.1,126.87
2018,18,WCE,WB,104.8,57.14
2018,18,PORT,GWS,62.09,83.63
2018,19,ESS,SYD,102.32,55.05
2018,19,RICH,COLL,91.08,73.24
2018,19,GEEL,BL,124.25,79.08
2018,19,GWS,STK,84.83,79.18
2018,19,GCFC,CARL,60.9,62.17
2018,19,ADEL,MELB,79.87,91.22
2018,19,NMFC,WCE,78.41,41.68
2018,19,WB,PORT,35.49,83.91
2018,19,FRE,HAW,63.74,98.66
2018,20,RICH,GEEL,82.08,80.69
2018,20,HAW,ESS,98.23,84.74
2018,20,BL,NMFC,97.36,102.27
2018,20,ADEL,PORT,87.21,85.31
2018,20,SYD,COLL,61.7,71.34
2018,20,STK,WB,71.13,98.44
2018,20,CARL,GWS,44.57,135.62
2018,20,MELB,GCFC,151.94,46.89
2018,20,WCE,FRE,141.98,71.36
2018,21,ESS,STK,118.49,93.12
2018,21,HAW,GEEL,69.22,64.1
2018,21,GCFC,RICH,52.05,121.15
2018,21,PORT,WCE,56.85,57.85
2018,21,COLL,BL,110.64,75.03
2018,21,GWS,ADEL,104.95,84.97
2018,21,NMFC,WB,84.86,90.03
2018,21,MELB,SYD,94.21,75.43
2018,21,FRE,CARL,90.98,68.3
2018,22,RICH,ESS,81.15,61.99
2018,22,COLL,PORT,107.57,53.2
2018,22,GEEL,FRE,143.38,37.49
2018,22,GWS,SYD,54.79,88.37
2018,22,GCFC,BL,72.72,95.95
2018,22,STK,HAW,76.72,86.36
2018,22,CARL,WB,45.02,64.99
2018,22,WCE,MELB,79.18,105.1
2018,22,ADEL,NMFC,94.47,79.86
2018,23,PORT,ESS,92.87,93.77
2018,23,GEEL,GCFC,128.48,53.02
2018,23,RICH,WB,88.69,79.65
2018,23,FRE,COLL,82.38,72.72
2018,23,CARL,ADEL,73.82,143.84
2018,23,SYD,HAW,82.8,77.61
2018,23,BL,WCE,65.07,102.29
2018,23,MELB,GWS,94.06,55.8
2018,23,STK,NMFC,85.52,118.67
2018,24,RICH,HAW,83.8,60.68
2018,24,MELB,GEEL,82.14,49.13
2018,24,SYD,GWS,31.87,95.07
2018,24,WCE,COLL,76.02,68.27
2018,25,HAW,MELB,71.54,97.32
2018,25,COLL,GWS,75.6,52.87
2018,26,RICH,COLL,49.15,80.57
2018,26,WCE,MELB,106.87,71.52
2018,27,WCE,COLL,83.88,54.47
2019,1,CARL,RICH,62.53,90.42
2019,1,COLL,GEEL,70.31,70.58
2019,1,MELB,PORT,64.27,95.85
2019,1,ADEL,HAW,61.28,94.12
2019,1,WB,SYD,95.4,75.1
2019,1,BL,WCE,98.7,49.28
2019,1,STK,GCFC,63.0,76.5
2019,1,GWS,ESS,132.91,46.93
2019,1,FRE,NMFC,119.14,49.41
2019,2,RICH,COLL,63.01,102.02
2019,2,SYD,ADEL,66.16,88.88
2019,2,ESS,STK,77.2,91.46
2019,2,PORT,CARL,83.51,60.76
2019,2,GEEL,MELB,102.63,56.68
2019,2,WCE,GWS,86.1,57.95
2019,2,HAW,WB,81.17,94.44
2019,2,GCFC,FRE,81.17,56.21
2019,3,ADEL,GEEL,82.73,101.93
2019,3,MELB,ESS,88.59,112.69
2019,4,SYD,MELB,70.98,55.2
2019,4,COLL,WB,84.03,63.28
2019,4,GEEL,GWS,72.9,70.1
2019,4,ESS,BL,93.62,63.04
2019,4,PORT,RICH,81.81,94.06
2019,4,NMFC,ADEL,96.0,71.56
2019,4,WCE,FRE,67.77,65.06
2019,4,GCFC,CARL,61.35,61.47
2019,4,STK,HAW,82.01,71.18
2019,5,BL,COLL,63.85,116.47
2019,5,NMFC,ESS,82.47,106.12
2019,5,WCE,PORT,49.52,103.38
2019,5,GWS,FRE,86.69,96.01
2019,5,MELB,STK,59.93,79.31
2019,5,RICH,SYD,86.98,61.07
2019,5,WB,CARL,77.32,89.66
2019,5,ADEL,GCFC,110.53,52.23
2019,5,HAW,GEEL,82.78,101.21
2019,6,RICH,MELB,92.34,39.83
2019,6,ESS,COLL,62.64,82.67
2019,6,PORT,NMFC,97.36,63.0
2019,6,GCFC,BL,62.9,108.43
2019,6,STK,ADEL,71.09,93.24
2019,6,SYD,GWS,66.27,102.7
2019,6,FRE,WB,94.12,76.92
2019,6,HAW,CARL,93.57,72.8
2019,6,GEEL,WCE,104.57,34.49
2019,7,COLL,PORT,115.64,72.81
2019,7,GWS,STK,101.15,76.01
2019,7,MELB,HAW,76.73,65.73
2019,7,BL,SYD,95.24,69.32
2019,7,WB,RICH,98.48,58.34
2019,7,WCE,GCFC,89.49,58.96
2019,7,CARL,NMFC,73.19,117.67
2019,7,GEEL,ESS,75.35,56.55
2019,7,ADEL,FRE,57.4,28.82
2019,8,SYD,ESS,87.09,62.24
2019,8,WB,BL,90.67,70.12
2019,8,CARL,COLL,84.18,95.47
2019,8,GCFC,MELB,49.64,71.29
2019,8,STK,WCE,72.93,107.87
2019,8,PORT,ADEL,76.38,76.46
2019,8,NMFC,GEEL,83.06,81.99
2019,8,HAW,GWS,62.83,44.92
2019,8,FRE,RICH,97.53,102.38
2019,9,WCE,MELB,68.07,84.28
2019,9,COLL,STK,96.58,65.91
2019,9,BL,ADEL,93.8,92.35
2019,9,GEEL,WB,114.81,87.26
2019,9,ESS,FRE,74.46,66.51
2019,9,NMFC,SYD,66.41,85.61
2019,9,PORT,GCFC,86.11,56.59
2019,9,RICH,HAW,89.57,71.83
2019,9,GWS,CARL,134.69,39.6
2019,10,SYD,COLL,62.09,85.13
2019,10,HAW,PORT,78.79,64.93
2019,10,WB,NMFC,89.31,95.38
2019,10,ADEL,WCE,78.82,79.85
2019,10,GCFC,GEEL,64.29,93.26
2019,10,RICH,ESS,78.74,60.11
2019,10,MELB,GWS,72.22,89.38
2019,10,STK,CARL,76.91,53.82
2019,10,FRE,BL,92.45,77.18
2019,11,NMFC,RICH,89.21,57.89
2019,11,COLL,FRE,72.37,82.89
2019,11,GWS,GCFC,110.43,48.38
2019,11,GEEL,SYD,73.6,73.56
2019,11,BL,HAW,90.9,59.7
2019,11,MELB,ADEL,93.9,77.2
2019,11,STK,PORT,93.57,116.08
2019,11,ESS,CARL,70.81,48.16
2019,11,WCE,WB,113.2,80.28
2019,12,RICH,GEEL,41.93,72.5
2019,12,CARL,BL,70.84,60.94
2019,12,GCFC,NMFC,67.24,104.77
2019,12,ADEL,GWS,79.5,61.71
2019,12,SYD,WCE,94.22,64.55
2019,12,COLL,MELB,86.96,67.76
2019,13,ADEL,RICH,96.78,71.85
2019,13,ESS,HAW,94.62,68.98
2019,13,GCFC,STK,72.94,80.35
2019,13,FRE,PORT,86.93,84.27
2019,13,CARL,WB,101.99,104.91
2019,13,NMFC,GWS,61.04,70.9
2019,14,WCE,ESS,124.3,63.58
2019,14,SYD,HAW,78.85,62.67
2019,14,MELB,FRE,77.91,60.39
2019,14,STK,BL,64.85,107.23
2019,14,PORT,GEEL,64.31,61.53
2019,14,WB,COLL,85.3,68.85
2019,15,ESS,GWS,62.26,74.52
2019,15,GEEL,ADEL,91.6,56.83
2019,15,HAW,WCE,82.8,67.06
2019,15,SYD,GCFC,81.04,57.58
2019,15,COLL,NMFC,27.02,90.2
2019,15,PORT,WB,58.64,57.09
2019,15,STK,RICH,71.11,86.17
2019,15,BL,MELB,103.79,71.1
2019,15,FRE,CARL,65.11,81.69
2019,16,HAW,COLL,61.1,59.37
2019,16,ESS,SYD,72.6,75.48
2019,16,GCFC,RICH,48.94,134.83
2019,16,ADEL,PORT,55.5,95.8
2019,16,WB,GEEL,81.84,81.26
2019,16,FRE,WCE,50.74,101.57
2019,16,CARL,MELB,94.28,105.53
2019,16,NMFC,STK,102.85,61.46
2019,16,GWS,BL,69.71,91.03
2019,17,WCE,COLL,65.77,76.89
2019,17,SYD,CARL,73.15,78.87
2019,17,HAW,FRE,76.18,48.62
2019,17,ESS,NMFC,82.4,72.31
2019,17,GCFC,ADEL,58.53,136.12
2019,17,GEEL,STK,81.86,56.84
2019,17,RICH,GWS,109.16,70.07
2019,17,WB,MELB,86.85,65.69
2019,17,PORT,BL,56.09,93.41
2019,18,ADEL,ESS,73.89,79.28
2019,18,RICH,PORT,96.59,60.97
2019,18,CARL,GCFC,95.21,65.81
2019,18,GWS,COLL,108.23,68.5
2019,18,BL,NMFC,92.05,53.97
2019,18,FRE,SYD,61.44,60.86
2019,18,GEEL,HAW,74.71,86.61
2019,18,MELB,WCE,94.1,77.14
2019,18,STK,WB,116.8,70.42
2019,19,COLL,RICH,65.44,92.1
2019,19,HAW,BL,80.85,79.52
2019,19,CARL,ADEL,76.47,48.73
2019,19,WCE,NMFC,102.02,83.35
2019,19,STK,MELB,98.8,69.12
2019,19,PORT,GWS,66.72,60.2
2019,19,WB,FRE,118.04,79.15
2019,19,SYD,GEEL,79.51,104.4
2019,19,GCFC,ESS,85.79,85.5
2019,20,NMFC,HAW,93.44,62.07
2019,20,ESS,PORT,75.43,106.24
2019,20,GWS,SYD,79.82,72.16
2019,20,FRE,GEEL,96.25,62.24
2019,20,MELB,RICH,61.67,90.4
2019,20,ADEL,STK,76.43,75.52
2019,20,COLL,GCFC,115.97,40.41
2019,20,CARL,WCE,71.77,95.05
2019,20,BL,WB,88.72,85.64
2019,21,GWS,HAW,28.8,77.2
2019,21,MELB,COLL,63.89,60.41
2019,21,PORT,SYD,87.19,71.75
2019,21,BL,GCFC,130.18,47.66
2019,21,GEEL,NMFC,79.81,26.38
2019,21,ESS,WB,31.87,119.27
2019,21,STK,FRE,67.55,62.42
2019,21,RICH,CARL,72.31,48.77
2019,21,WCE,ADEL,85.08,60.05
2019,22,MELB,SYD,62.02,81.47
2019,22,CARL,STK,78.24,76.96
2019,22,BL,GEEL,70.67,70.77
2019,22,ADEL,COLL,61.17,113.51
2019,22,NMFC,PORT,129.61,62.8
2019,22,FRE,ESS,68.84,86.27
2019,22,RICH,WCE,89.66,65.67
2019,22,GWS,WB,63.26,109.32
2019,22,HAW,GCFC,110.73,47.93
2019,23,COLL,ESS,75.11,53.81
2019,23,SYD,STK,89.39,73.87
2019,23,NMFC,MELB,78.48,83.59
2019,23,GEEL,CARL,131.56,62.37
2019,23,GCFC,GWS,60.52,108.23
2019,23,WCE,HAW,87.53,90.98
2019,23,WB,ADEL,113.82,82.33
2019,23,RICH,BL,74.3,39.95
2019,23,PORT,FRE,126.61,65.11
2019,24,WCE,ESS,109.06,51.06
2019,24,GEEL,COLL,55.75,51.38
2019,24,GWS,WB,112.59,62.1
2019,24,BL,RICH,83.77,87.98
2019,25,GEEL,WCE,77.15,59.69
2019,25,BL,GWS,81.38,64.63
2019,26,RICH,GEEL,96.64,67.83
2019,26,COLL,GWS,47.15,50.95
2019,27,RICH,GWS,92.62,32.63
2020,1,RICH,CARL,101.29,79.98
2020,1,WB,COLL,33.81,86.36
2020,1,ESS,FRE,61.65,63.04
2020,1,ADEL,SYD,60.95,73.08
2020,1,GCFC,PORT,25.11,85.58
2020,1,GWS,GEEL,74.67,69.47
2020,1,NMFC,STK,61.27,71.74
2020,1,HAW,BL,79.8,62.55
2020,1,WCE,MELB,66.95,61.49
2020,2,COLL,RICH,35.62,28.74
2020,2,GEEL,HAW,88.11,41.77
2020,2,BL,FRE,69.05,59.25
2020,2,CARL,MELB,71.55,57.85
2020,2,PORT,ADEL,96.59,34.59
2020,2,GCFC,WCE,78.29,55.53
2020,2,GWS,NMFC,66.56,67.69
2020,2,SYD,ESS,67.61,68.48
2020,2,STK,WB,77.95,53.37
2020,3,RICH,HAW,54.41,55.79
2020,3,WB,GWS,59.78,32.79
2020,3,NMFC,SYD,70.02,72.0
2020,3,COLL,STK,81.72,40.5
2020,3,GEEL,CARL,76.96,72.39
2020,3,BL,WCE,80.92,41.12
2020,3,GCFC,ADEL,81.32,30.79
2020,3,FRE,PORT,41.39,67.67
2020,4,SYD,WB,46.13,65.69
2020,4,GWS,COLL,50.74,65.35
2020,4,PORT,WCE,91.77,32.56
2020,4,STK,RICH,80.75,67.15
2020,4,ESS,CARL,35.02,56.07
2020,4,GCFC,FRE,51.71,49.94
2020,4,BL,ADEL,116.35,32.43
2020,4,MELB,GEEL,43.83,42.32
2020,4,HAW,NMFC,64.97,53.5
2020,5,CARL,STK,51.11,67.16
2020,5,COLL,ESS,43.72,49.33
2020,5,WCE,SYD,84.35,52.76
2020,5,GEEL,GCFC,91.21,44.18
2020,5,WB,NMFC,76.5,42.82
2020,5,BL,PORT,91.08,59.56
2020,5,ADEL,FRE,48.77,53.68
2020,5,MELB,RICH,46.03,73.73
2020,5,GWS,HAW,66.01,43.73
2020,6,GEEL,BL,56.85,42.75
2020,6,COLL,HAW,48.72,36.77
2020,6,FRE,STK,68.53,81.32
2020,6,WCE,ADEL,63.72,31.08
2020,6,MELB,GCFC,64.11,63.81
2020,6,ESS,NMFC,78.51,61.81
2020,6,PORT,GWS,68.09,48.98
2020,6,RICH,SYD,45.71,37.18
2020,6,CARL,WB,78.71,56.58
2020,7,GEEL,COLL,32.32,55.3
2020,7,ESS,WB,61.24,80.19
2020,7,GWS,BL,67.26,92.15
2020,7,SYD,GCFC,51.5,89.42
2020,7,RICH,NMFC,85.46,34.69
2020,7,CARL,PORT,54.19,74.16
2020,7,HAW,MELB,41.3,86.13
2020,7,FRE,WCE,28.45,58.19
2020,7,ADEL,STK,56.89,62.56
2020,8,GCFC,WB,46.06,44.64
2020,8,GWS,RICH,62.95,59.69
2020,8,NMFC,CARL,46.38,68.18
2020,8,SYD,HAW,59.3,45.12
2020,8,PORT,STK,46.48,54.15
2020,8,ADEL,ESS,63.91,58.22
2020,8,WCE,COLL,86.75,40.72
2020,8,MELB,BL,54.07,58.69
2020,8,FRE,GEEL,18.9,53.8
2020,9,WB,RICH,51.47,84.05
2020,9,MELB,PORT,42.36,77.4
2020,9,CARL,HAW,53.52,72.76
2020,9,ESS,BL,41.22,84.09
2020,9,NMFC,ADEL,90.66,40.32
2020,9,STK,SYD,103.74,63.02
2020,9,WCE,GEEL,69.35,60.3
2020,9,GCFC,GWS,47.09,53.32
2020,9,FRE,COLL,50.08,41.13
2020,10,PORT,WB,63.65,45.15
2020,10,RICH,BL,81.47,76.22
2020,10,GEEL,NMFC,79.55,44.36
2020,10,ADEL,MELB,34.2,85.85
2020,10,COLL,SYD,53.7,41.07
2020,10,GCFC,STK,70.61,69.73
2020,10,ESS,GWS,47.8,59.93
2020,11,PORT,RICH,102.31,63.94
2020,11,BL,WB,84.11,61.38
2020,11,WCE,CARL,71.16,48.8
2020,11,MELB,NMFC,106.29,33.26
2020,11,STK,GEEL,39.19,95.81
2020,11,FRE,HAW,50.45,32.48
2020,11,ADEL,COLL,34.47,51.02
2020,11,GCFC,ESS,63.78,60.49
2020,12,SYD,GWS,53.92,33.57
2020,12,GEEL,PORT,87.73,33.77
2020,12,NMFC,BL,52.4,66.56
2020,12,MELB,COLL,73.6,43.03
2020,12,FRE,CARL,30.43,49.28
2020,12,WB,ADEL,126.79,56.04
2020,12,STK,ESS,62.92,30.56
2020,12,WCE,HAW,74.92,45.54
2020,12,RICH,GCFC,49.82,33.6
2020,13,GCFC,CARL,26.91,67.26
2020,13,WB,MELB,68.49,58.72
2020,13,PORT,HAW,80.45,50.81
2020,13,ESS,RICH,46.0,77.92
2020,13,FRE,SYD,40.63,20.56
2020,13,ADEL,GEEL,44.59,69.7
2020,13,BL,STK,63.6,48.86
2020,13,WCE,GWS,57.65,51.21
2020,13,COLL,NMFC,51.71,36.37
2020,14,HAW,ESS,75.89,84.29
2020,14,RICH,WCE,61.73,57.88
2020,14,WB,GEEL,61.15,62.17
2020,14,PORT,SYD,62.64,47.36
2020,14,FRE,GWS,43.6,82.61
2020,14,MELB,STK,36.58,49.42
2020,14,CARL,COLL,44.24,76.49
2020,14,GCFC,NMFC,112.01,27.64
2020,15,HAW,ADEL,38.85,91.87
2020,15,WCE,ESS,48.99,56.17
2020,15,RICH,FRE,49.1,35.06
2020,15,SYD,MELB,63.35,57.05
2020,15,GWS,CARL,62.44,45.9
2020,15,BL,COLL,42.86,31.0
2020,16,NMFC,PORT,37.66,85.08
2020,16,STK,HAW,89.5,78.71
2020,16,GEEL,ESS,82.02,60.23
2020,16,WB,WCE,62.07,44.33
2020,16,MELB,FRE,45.5,55.82
2020,16,ADEL,GWS,68.07,43.34
2020,16,CARL,SYD,56.55,44.64
2020,16,BL,GCFC,83.42,35.27
2020,17,STK,WCE,61.79,72.22
2020,17,GEEL,RICH,35.24,73.85
2020,17,NMFC,FRE,29.08,99.54
2020,17,PORT,ESS,76.74,27.13
2020,17,GWS,MELB,72.4,65.77
2020,17,CARL,ADEL,64.48,70.02
2020,17,HAW,WB,35.22,71.62
2020,17,SYD,BL,35.5,63.87
2020,17,COLL,GCFC,61.62,45.85
2020,18,NMFC,WCE,49.32,48.69
2020,18,STK,GWS,67.84,47.65
2020,18,ESS,MELB,54.76,68.27
2020,18,ADEL,RICH,40.78,57.26
2020,18,BL,CARL,75.59,39.64
2020,18,HAW,GCFC,92.02,55.29
2020,18,SYD,GEEL,56.08,74.67
2020,18,FRE,WB,45.84,74.07
2020,18,COLL,PORT,32.73,52.58
2020,19,PORT,GEEL,55.46,57.42
2020,19,BL,RICH,63.22,44.64
2020,19,STK,WB,78.54,69.08
2020,19,WCE,COLL,82.49,66.96
2020,20,RICH,STK,69.16,55.82
2020,20,GEEL,COLL,85.85,27.36
2020,21,PORT,RICH,32.3,47.6
2020,21,BL,GEEL,43.64,79.62
2020,22,RICH,GEEL,66.39,46.25
2021,1,RICH,CARL,118.54,82.73
2021,1,COLL,WB,60.01,90.83
2021,1,MELB,FRE,95.98,66.39
2021,1,ADEL,GEEL,90.94,96.82
2021,1,ESS,HAW,91.42,94.44
2021,1,BL,SYD,66.09,93.59
2021,1,NMFC,PORT,85.02,115.8
2021,1,GWS,STK,90.15,78.11
2021,1,WCE,GCFC,94.6,66.45
2021,2,CARL,COLL,76.41,90.01
2021,2,GEEL,BL,86.57,82.14
2021,2,SYD,ADEL,101.43,105.88
2021,2,PORT,ESS,100.85,73.97
2021,2,STK,MELB,71.35,108.82
2021,2,GCFC,NMFC,112.64,39.97
2021,2,HAW,RICH,52.83,87.89
2021,2,WB,WCE,95.77,84.36
2021,2,FRE,GWS,112.95,75.28
2021,3,COLL,BL,66.24,81.45
2021,3,NMFC,WB,47.1,157.33
2021,3,ADEL,GCFC,88.35,80.56
2021,3,RICH,SYD,78.92,109.77
2021,3,ESS,STK,112.69,76.51
2021,3,WCE,PORT,85.94,64.51
2021,3,CARL,FRE,120.52,64.08
2021,3,GWS,MELB,64.49,97.84
2021,3,GEEL,HAW,61.66,75.72
2021,4,SYD,ESS,94.36,77.44
2021,4,PORT,RICH,95.77,65.11
2021,4,WB,BL,83.3,54.25
2021,4,STK,WCE,105.21,66.2
2021,4,GCFC,CARL,56.07,97.7
2021,4,COLL,GWS,59.12,63.72
2021,4,NMFC,ADEL,70.39,96.86
2021,4,MELB,GEEL,86.31,54.09
2021,4,FRE,HAW,114.71,74.04
2021,5,STK,RICH,46.68,122.71
2021,5,WCE,COLL,84.27,87.64
2021,5,WB,GCFC,121.03,67.64
2021,5,SYD,GWS,70.0,88.3
2021,5,BL,ESS,103.56,43.95
2021,5,CARL,PORT,84.88,84.9
2021,5,ADEL,FRE,66.77,80.94
2021,5,HAW,MELB,47.94,103.49
2021,5,GEEL,NMFC,107.47,51.84
2021,6,GWS,WB,56.01,100.5
2021,6,GCFC,SYD,98.43,43.09
2021,6,GEEL,WCE,106.83,48.01
2021,6,CARL,BL,82.87,93.02
2021,6,MELB,RICH,78.48,76.01
2021,6,FRE,NMFC,106.24,53.09
2021,6,HAW,ADEL,100.37,97.79
2021,6,COLL,ESS,69.93,85.93
2021,6,PORT,STK,84.37,52.16
2021,7,RICH,WB,83.56,62.22
2021,7,COLL,GCFC,63.15,69.36
2021,7,ADEL,GWS,71.71,119.57
2021,7,STK,HAW,121.03,54.0
2021,7,SYD,GEEL,74.34,110.65
2021,7,BL,PORT,95.64,58.45
2021,7,NMFC,MELB,67.14,87.55
2021,7,ESS,CARL,87.44,103.82
2021,7,WCE,FRE,114.75,63.39
2021,8,RICH,GEEL,49.98,110.23
2021,8,GCFC,STK,73.7,79.79
2021,8,GWS,ESS,95.15,83.84
2021,8,NMFC,COLL,97.59,90.84
2021,8,MELB,SYD,61.14,60.71
2021,8,PORT,ADEL,96.61,42.7
2021,8,HAW,WCE,53.95,91.85
2021,8,WB,CARL,108.19,80.77
2021,8,BL,FRE,102.8,76.63
2021,9,STK,GEEL,75.95,68.21
2021,9,SYD,COLL,93.44,59.9
2021,9,HAW,NMFC,70.81,88.19
2021,9,GCFC,BL,44.25,109.7
2021,9,RICH,GWS,84.33,92.38
2021,9,PORT,WB,67.92,86.37
2021,9,ESS,FRE,74.07,79.55
2021,9,MELB,CARL,82.97,67.51
2021,9,WCE,ADEL,93.25,81.55
2021,10,BL,RICH,92.95,66.01
2021,10,CARL,HAW,73.08,67.15
2021,10,GEEL,GCFC,75.43,60.19
2021,10,ADEL,MELB,82.08,95.81
2021,10,WB,STK,135.8,37.26
2021,10,FRE,SYD,90.21,64.34
2021,10,GWS,WCE,103.54,72.84
2021,10,COLL,PORT,65.96,60.21
2021,10,ESS,NMFC,108.07,59.84
2021,11,WB,MELB,54.87,74.86
2021,11,COLL,GEEL,65.83,79.84
2021,11,BL,GWS,113.44,63.18
2021,11,STK,NMFC,111.93,72.01
2021,11,GCFC,HAW,114.67,76.65
2021,11,WCE,ESS,49.55,101.71
2021,11,RICH,ADEL,91.92,81.82
2021,11,SYD,CARL,84.84,73.06
2021,11,PORT,FRE,95.57,72.18
2021,12,MELB,BL,91.48,63.89
2021,12,SYD,STK,98.77,87.39
2021,12,ADEL,COLL,78.18,60.32
2021,12,ESS,RICH,93.35,105.25
2021,12,CARL,WCE,86.3,76.24
2021,12,FRE,WB,66.69,119.47
2021,13,PORT,GEEL,79.32,89.55
2021,13,SYD,HAW,49.33,80.74
2021,13,FRE,GCFC,72.26,67.47
2021,13,STK,ADEL,58.7,79.16
2021,13,NMFC,GWS,73.64,85.04
2021,13,WCE,RICH,69.35,82.95
2021,13,MELB,COLL,76.19,82.99
2021,14,GEEL,WB,80.14,66.53
2021,14,GCFC,PORT,32.34,81.55
2021,14,NMFC,BL,50.13,89.26
2021,14,GWS,CARL,82.68,82.52
2021,14,HAW,ESS,76.67,75.0
2021,15,BL,GEEL,94.66,55.15
2021,15,RICH,STK,45.16,61.47
2021,15,NMFC,GCFC,85.12,49.37
2021,15,COLL,FRE,78.75,77.61
2021,15,PORT,SYD,81.86,67.05
2021,15,ESS,MELB,65.42,79.64
2021,15,GWS,HAW,67.18,87.22
2021,15,WCE,WB,44.33,120.16
2021,15,CARL,ADEL,92.23,72.84
2021,16,GCFC,RICH,92.8,55.59
2021,16,GEEL,ESS,85.18,48.83
2021,16,MELB,GWS,67.55,65.9
2021,16,ADEL,BL,73.08,90.04
2021,16,FRE,CARL,76.05,74.02
2021,16,HAW,PORT,61.78,90.53
2021,16,SYD,WCE,108.11,48.62
2021,16,COLL,STK,69.6,71.92
2021,16,WB,NMFC,110.31,87.89
2021,17,PORT,MELB,52.59,94.55
2021,17,ESS,ADEL,100.17,32.87
2021,17,HAW,FRE,52.63,103.83
2021,17,CARL,GEEL,68.26,72.02
2021,17,BL,STK,71.47,89.51
2021,17,GWS,GCFC,74.46,67.86
2021,17,WB,SYD,85.11,86.22
2021,17,RICH,COLL,50.58,81.37
2021,17,WCE,NMFC,59.47,73.94
2021,18,FRE,GEEL,49.08,116.75
2021,18,RICH,BL,91.46,95.3
2021,18,STK,PORT,66.28,82.08
2021,18,GCFC,WB,84.89,66.38
2021,18,MELB,HAW,80.79,66.14
2021,18,NMFC,ESS,81.58,93.81
2021,18,COLL,CARL,56.86,96.49
2021,18,ADEL,WCE,55.88,94.36
2021,18,GWS,SYD,75.59,71.36
2021,19,PORT,COLL,101.79,71.7
2021,19,CARL,NMFC,81.94,92.91
2021,19,BL,GCFC,133.9,79.37
2021,19,WCE,STK,81.92,70.28
2021,19,MELB,WB,71.72,69.63
2021,19,ADEL,HAW,84.07,76.93
2021,19,SYD,FRE,105.63,72.19
2021,19,GEEL,RICH,77.14,64.4
2021,19,ESS,GWS,69.89,78.54
2021,20,STK,CARL,86.47,82.42
2021,20,WB,ADEL,105.82,65.96
2021,20,NMFC,GEEL,42.31,76.13
2021,20,COLL,WCE,79.31,46.04
2021,20,GCFC,MELB,43.59,133.75
2021,20,HAW,BL,78.4,85.57
2021,20,ESS,SYD,85.18,84.62
2021,20,FRE,RICH,63.24,68.51
2021,20,GWS,PORT,68.75,80.27
2021,21,GEEL,GWS,73.4,71.37
2021,21,CARL,GCFC,55.24,68.02
2021,21,RICH,NMFC,86.45,58.24
2021,21,STK,SYD,84.94,61.81
2021,21,ADEL,PORT,55.98,61.69
2021,21,HAW,COLL,68.47,69.33
2021,21,WB,ESS,117.86,77.17
2021,21,FRE,BL,50.24,118.84
2021,21,WCE,MELB,62.3,91.57
2021,22,GWS,RICH,97.41,71.58
2021,22,HAW,WB,73.51,51.72
2021,22,GEEL,STK,75.2,55.79
2021,22,PORT,CARL,139.03,75.56
2021,22,BL,COLL,120.67,65.24
2021,22,NMFC,SYD,72.8,85.69
2021,22,MELB,ADEL,99.24,65.3
2021,22,GCFC,ESS,38.71,93.4
2021,22,FRE,WCE,64.09,72.51
2021,23,WB,PORT,55.16,72.24
2021,23,RICH,HAW,90.53,77.83
2021,23,SYD,GCFC,112.04,53.96
2021,23,BL,WCE,118.35,97.82
2021,23,GEEL,MELB,69.26,72.68
2021,23,CARL,GWS,79.38,111.95
2021,23,STK,FRE,84.92,58.52
2021,23,ESS,COLL,102.6,72.28
2021,23,ADEL,NMFC,118.05,66.14
2021,24,PORT,GEEL,87.89,53.29
2021,24,SYD,GWS,87.95,60.6
2021,24,MELB,BL,89.89,64.34
2021,24,WB,ESS,83.77,62.44
2021,25,GEEL,GWS,103.19,68.53
2021,25,BL,WB,84.66,72.34
2021,26,MELB,GEEL,104.19,37.98
2021,26,PORT,WB,62.66,105.16
2021,27,MELB,WB,108.25,53.94
2022,1,MELB,WB,98.22,52.45
2022,1,CARL,RICH,103.04,76.37
2022,1,STK,COLL,84.07,86.61
2022,1,GEEL,ESS,110.43,68.86
2022,1,GWS,SYD,90.94,100.92
2022,1,BL,PORT,89.74,64.97
2022,1,HAW,NMFC,85.32,67.29
2022,1,ADEL,FRE,83.39,83.94
2022,1,WCE,GCFC,60.15,124.78
2022,2,WB,CARL,88.51,70.59
2022,2,SYD,GEEL,79.53,80.09
2022,2,COLL,ADEL,99.58,64.03
2022,2,ESS,BL,82.69,80.3
2022,2,PORT,HAW,74.68,92.01
2022,2,GCFC,MELB,76.29,71.26
2022,2,NMFC,WCE,87.28,69.37
2022,2,RICH,GWS,93.99,72.89
2022,2,FRE,STK,56.66,74.34
2022,3,WB,SYD,95.89,55.93
2022,3,MELB,ESS,99.61,58.24
2022,3,ADEL,PORT,87.53,92.23
2022,3,GWS,GCFC,87.69,67.9
2022,3,COLL,GEEL,90.38,80.73
2022,3,BL,NMFC,140.9,43.18
2022,3,CARL,HAW,63.54,62.99
2022,3,STK,RICH,105.1,64.53
2022,3,WCE,FRE,55.9,102.13
2022,4,PORT,MELB,46.76,78.1
2022,4,GEEL,BL,87.06,65.86
2022,4,SYD,NMFC,77.31,79.5
2022,4,COLL,WCE,96.15,62.84
2022,4,RICH,WB,85.95,76.09
2022,4,FRE,GWS,88.95,47.54
2022,4,ESS,ADEL,83.51,96.78
2022,4,HAW,STK,83.17,122.02
2022,4,GCFC,CARL,101.67,78.21
2022,5,BL,COLL,92.91,76.85
2022,5,NMFC,WB,66.04,122.36
2022,5,WCE,SYD,46.34,102.29
2022,5,STK,GCFC,77.27,61.95
2022,5,ADEL,RICH,78.15,87.88
2022,5,MELB,GWS,99.17,56.55
2022,5,CARL,PORT,92.45,82.17
2022,5,ESS,FRE,66.26,98.32
2022,5,HAW,GEEL,84.24,90.47
2022,6,GWS,STK,67.67,78.49
2022,6,WB,ADEL,52.25,86.76
2022,6,PORT,WCE,99.91,45.5
2022,6,FRE,CARL,92.07,59.36
2022,6,NMFC,GEEL,60.93,119.56
2022,6,GCFC,BL,79.43,96.06
2022,6,RICH,MELB,46.6,104.69
2022,6,HAW,SYD,76.05,116.77
2022,6,ESS,COLL,67.93,54.49
2022,7,WCE,RICH,55.15,168.96
2022,7,GEEL,FRE,67.48,76.67
2022,7,ADEL,GWS,61.2,94.37
2022,7,MELB,HAW,89.07,79.05
2022,7,CARL,NMFC,124.19,61.55
2022,7,STK,PORT,65.08,56.72
2022,7,COLL,GCFC,109.83,77.29
2022,7,WB,ESS,99.13,71.18
2022,7,SYD,BL,83.14,89.95
2022,8,PORT,WB,100.33,74.66
2022,8,FRE,NMFC,99.79,34.81
2022,8,SYD,GCFC,67.34,88.55
2022,8,RICH,COLL,111.42,101.78
2022,8,GWS,GEEL,52.96,84.39
2022,8,BL,WCE,97.25,37.24
2022,8,ESS,HAW,109.62,92.74
2022,8,MELB,STK,84.88,57.79
2022,8,CARL,ADEL,108.17,61.53
2022,9,COLL,WB,54.03,104.69
2022,9,HAW,RICH,85.27,124.22
2022,9,NMFC,PORT,53.13,114.21
2022,9,STK,GEEL,105.39,71.07
2022,9,SYD,ESS,101.86,51.94
2022,9,ADEL,BL,70.94,81.01
2022,9,GCFC,FRE,66.42,63.27
2022,9,GWS,CARL,63.31,101.53
2022,9,WCE,MELB,45.06,108.19
2022,10,CARL,SYD,98.24,71.02
2022,10,GEEL,PORT,81.04,50.06
2022,10,WB,GCFC,116.79,81.58
2022,10,NMFC,MELB,49.22,97.56
2022,10,RICH,ESS,96.38,42.16
2022,10,ADEL,STK,86.61,63.92
2022,10,GWS,WCE,116.23,65.8
2022,10,HAW,BL,97.15,88.28
2022,10,FRE,COLL,44.16,75.84
2022,11,SYD,RICH,86.97,76.53
2022,11,BL,GWS,109.28,71.04
2022,11,GEEL,ADEL,81.83,62.93
2022,11,MELB,FRE,61.28,91.42
2022,11,WCE,WB,51.44,140.67
2022,11,GCFC,HAW,121.81,50.13
2022,11,STK,NMFC,94.44,66.69
2022,11,COLL,CARL,93.91,59.57
2022,11,PORT,ESS,71.66,64.79
2022,12,WB,GEEL,60.71,69.41
2022,12,ADEL,WCE,83.09,46.7
2022,12,GCFC,NMFC,118.12,39.51
2022,12,MELB,SYD,66.9,82.26
2022,12,HAW,COLL,69.05,82.16
2022,12,FRE,BL,85.94,84.84
2022,13,RICH,PORT,89.27,53.27
2022,13,ESS,CARL,61.24,74.43
2022,13,FRE,HAW,92.99,81.05
2022,13,BL,STK,97.04,67.97
2022,13,NMFC,GWS,67.54,98.32
2022,13,COLL,MELB,93.27,54.37
2022,14,RICH,CARL,80.11,77.73
2022,14,STK,ESS,68.14,111.16
2022,14,PORT,SYD,79.52,69.95
2022,14,WCE,GEEL,59.55,91.4
2022,14,GWS,WB,86.39,126.38
2022,14,GCFC,ADEL,117.71,82.79
2022,15,MELB,BL,109.3,53.54
2022,15,WB,HAW,114.05,82.04
2022,15,WCE,ESS,89.11,86.56
2022,15,CARL,FRE,80.4,64.62
2022,15,GEEL,RICH,85.31,87.55
2022,15,SYD,STK,85.36,46.65
2022,15,NMFC,ADEL,77.53,103.89
2022,15,COLL,GWS,103.92,71.52
2022,15,PORT,GCFC,96.2,97.42
2022,16,BL,WB,100.72,78.93
2022,16,CARL,STK,101.83,78.95
2022,16,ESS,SYD,77.15,93.23
2022,16,ADEL,MELB,59.16,94.03
2022,16,GCFC,COLL,57.99,72.4
2022,16,GEEL,NMFC,130.5,27.44
2022,16,RICH,WCE,93.94,87.75
2022,16,GWS,HAW,76.95,55.81
2022,16,FRE,PORT,90.1,76.65
2022,17,GEEL,MELB,100.04,53.55
2022,17,SYD,WB,113.42,84.32
2022,17,COLL,NMFC,87.97,69.89
2022,17,GCFC,RICH,87.24,118.71
2022,17,STK,FRE,69.8,99.49
2022,17,PORT,GWS,76.84,54.18
2022,17,BL,ESS,85.73,110.29
2022,17,HAW,ADEL,83.2,57.43
2022,17,WCE,CARL,49.48,115.56
2022,18,WB,STK,66.24,68.06
2022,18,ADEL,COLL,73.22,64.75
2022,18,GWS,BL,61.67,101.51
2022,18,NMFC,RICH,76.78,101.24
2022,18,CARL,GEEL,52.94,87.44
2022,18,FRE,SYD,60.83,76.86
2022,18,HAW,WCE,86.13,69.54
2022,18,MELB,PORT,78.31,74.91
2022,18,ESS,GCFC,122.77,48.97
2022,19,RICH,FRE,63.55,57.32
2022,19,NMFC,HAW,84.28,85.91
2022,19,SYD,ADEL,113.37,69.98
2022,19,PORT,GEEL,89.33,90.52
2022,19,BL,GCFC,90.18,85.54
2022,19,WB,MELB,89.22,89.62
2022,19,CARL,GWS,102.77,58.54
2022,19,COLL,ESS,71.56,79.16
2022,19,WCE,STK,55.66,70.44
2022,20,FRE,MELB,55.62,89.4
2022,20,COLL,PORT,76.07,72.91
2022,20,SYD,GWS,111.71,43.17
2022,20,STK,HAW,102.03,74.54
2022,20,GEEL,WB,93.1,67.57
2022,20,ADEL,CARL,93.94,69.98
2022,20,GCFC,WCE,97.3,96.34
2022,20,RICH,BL,96.72,100.86
2022,20,ESS,NMFC,95.83,80.63
2022,21,MELB,COLL,92.48,80.81
2022,21,HAW,GCFC,84.11,71.84
2022,21,GWS,ESS,92.8,60.8
2022,21,WB,FRE,86.68,77.44
2022,21,GEEL,STK,97.79,51.84
2022,21,PORT,RICH,74.1,117.07
2022,21,NMFC,SYD,90.81,118.38
2022,21,BL,CARL,109.95,77.84
2022,21,WCE,ADEL,79.13,77.02
2022,22,STK,BL,70.53,87.55
2022,22,WB,GWS,61.16,49.98
2022,22,ADEL,NMFC,93.68,85.4
2022,22,GCFC,GEEL,51.95,116.74
2022,22,MELB,CARL,80.87,75.52
2022,22,FRE,WCE,86.37,48.1
2022,22,RICH,HAW,102.04,62.21
2022,22,SYD,COLL,85.73,52.08
2022,22,ESS,PORT,63.04,124.69
2022,23,BL,MELB,57.9,83.48
2022,23,GWS,FRE,75.53,106.3
2022,23,NMFC,GCFC,68.44,125.34
2022,23,GEEL,WCE,116.26,30.31
2022,23,ESS,RICH,73.74,125.98
2022,23,PORT,ADEL,112.05,57.18
2022,23,HAW,WB,60.16,107.61
2022,23,CARL,COLL,81.33,62.3
2022,23,STK,SYD,75.85,94.81
2022,24,BL,RICH,94.71,86.04
2022,24,MELB,SYD,70.49,75.4
2022,24,GEEL,COLL,84.12,72.73
2022,24,FRE,WB,76.04,79.57
2022,25,MELB,BL,87.52,75.21
2022,25,COLL,FRE,79.66,63.51
2022,26,GEEL,BL,90.67,58.11
2022,26,SYD,COLL,89.34,76.79
2022,27,GEEL,SYD,107.87,41.03
2023,1,RICH,CARL,78.57,58.36
2023,1,GEEL,COLL,86.18,110.34
2023,1,NMFC,WCE,96.43,86.2
2023,1,PORT,BL,134.76,51.67
2023,1,MELB,WB,106.66,63.03
2023,1,GCFC,SYD,57.75,104.87
2023,1,GWS,ADEL,105.21,96.06
2023,1,HAW,ESS,60.3,109.52
2023,1,STK,FRE,69.31,69.41
2023,2,CARL,GEEL,93.74,72.67
2023,2,BL,MELB,83.41,68.61
2023,2,COLL,PORT,108.86,63.22
2023,2,ADEL,RICH,86.04,88.31
2023,2,WB,STK,52.15,80.07
2023,2,FRE,NMFC,67.8,60.22
2023,2,SYD,HAW,117.51,69.27
2023,2,ESS,GCFC,106.33,91.4
2023,2,WCE,GWS,93.02,93.11
2023,3,WB,BL,67.07,62.83
2023,3,COLL,RICH,76.71,53.84
2023,3,HAW,NMFC,87.76,57.53
2023,3,GWS,CARL,66.54,84.67
2023,3,STK,ESS,93.38,76.45
2023,3,PORT,ADEL,81.7,97.19
2023,3,GCFC,GEEL,81.04,69.73
2023,3,MELB,SYD,107.48,89.88
2023,3,FRE,WCE,95.05,83.0
2023,4,BL,COLL,112.49,86.28
2023,4,NMFC,CARL,84.4,97.53
2023,4,ADEL,FRE,89.87,68.29
2023,4,RICH,WB,78.21,88.04
2023,4,STK,GCFC,106.87,76.56
2023,4,SYD,PORT,83.36,74.06
2023,4,ESS,GWS,115.29,92.07
2023,4,WCE,MELB,68.65,116.86
2023,4,GEEL,HAW,122.08,58.48
2023,5,ADEL,CARL,110.86,58.18
2023,5,FRE,GCFC,105.14,85.81
2023,5,RICH,SYD,86.63,110.56
2023,5,BL,NMFC,163.15,63.34
2023,5,ESS,MELB,106.44,73.39
2023,5,PORT,WB,80.05,61.54
2023,5,GEEL,WCE,116.95,80.06
2023,5,GWS,HAW,95.98,76.07
2023,5,COLL,STK,68.29,65.16
2023,6,FRE,WB,63.85,120.02
2023,6,PORT,WCE,102.49,65.61
2023,6,GWS,BL,73.71,102.69
2023,6,GEEL,SYD,103.02,41.43
2023,6,HAW,ADEL,85.24,82.71
2023,6,CARL,STK,79.1,79.69
2023,6,GCFC,NMFC,109.26,66.72
2023,6,MELB,RICH,83.89,82.49
2023,6,COLL,ESS,78.72,68.89
2023,7,STK,PORT,82.02,85.96
2023,7,BL,FRE,105.64,63.97
2023,7,SYD,GWS,102.65,83.18
2023,7,WB,HAW,85.79,63.63
2023,7,MELB,NMFC,103.17,47.5
2023,7,WCE,CARL,43.91,135.13
2023,7,ESS,GEEL,85.32,110.96
2023,7,RICH,GCFC,57.16,73.88
2023,7,ADEL,COLL,76.67,57.17
2023,8,CARL,BL,68.76,93.64
2023,8,RICH,WCE,111.62,75.66
2023,8,GEEL,ADEL,84.65,66.11
2023,8,GCFC,MELB,84.42,78.47
2023,8,FRE,HAW,119.67,58.55
2023,8,GWS,WB,71.04,69.55
2023,8,PORT,ESS,108.45,68.1
2023,8,COLL,SYD,79.11,69.4
2023,8,NMFC,STK,62.13,76.76
2023,9,RICH,GEEL,76.39,78.13
2023,9,WCE,GCFC,35.4,116.02
2023,9,SYD,FRE,64.86,101.03
2023,9,NMFC,PORT,52.09,105.61
2023,9,HAW,MELB,49.74,90.29
2023,9,BL,ESS,100.83,58.43
2023,9,CARL,WB,62.61,67.81
2023,9,ADEL,STK,103.65,73.92
2023,9,COLL,GWS,104.0,76.23
2023,10,PORT,MELB,99.86,75.46
2023,10,NMFC,SYD,81.18,85.38
2023,10,WB,ADEL,101.4,54.76
2023,10,FRE,GEEL,95.52,79.45
2023,10,BL,GCFC,104.15,61.64
2023,10,ESS,RICH,74.59,75.34
2023,10,HAW,WCE,121.89,24.7
2023,10,CARL,COLL,62.68,90.52
2023,10,GWS,STK,66.55,99.16
2023,11,SYD,CARL,68.85,68.39
2023,11,STK,HAW,85.08,108.3
2023,11,MELB,FRE,80.8,66.09
2023,11,GEEL,GWS,75.37,89.48
2023,11,GCFC,WB,77.87,86.17
2023,11,WCE,ESS,61.22,101.06
2023,11,RICH,PORT,71.82,92.9
2023,11,COLL,NMFC,90.02,75.67
2023,11,ADEL,BL,84.8,84.04
2023,12,MELB,CARL,83.62,42.86
2023,12,PORT,HAW,127.94,94.78
2023,12,WCE,COLL,55.0,107.89
2023,12,WB,GEEL,89.41,85.13
2023,12,GCFC,ADEL,97.37,79.58
2023,12,GWS,RICH,92.28,109.11
2023,12,ESS,NMFC,103.83,84.2
2023,13,SYD,STK,52.72,79.59
2023,13,WB,PORT,71.87,94.75
2023,13,HAW,BL,77.68,71.27
2023,13,ADEL,WCE,141.11,51.48
2023,13,FRE,RICH,73.63,72.29
2023,13,NMFC,GWS,68.44,110.34
2023,13,CARL,ESS,80.2,80.9
2023,13,MELB,COLL,87.43,59.43
2023,14,PORT,GEEL,113.38,67.49
2023,14,BL,SYD,105.25,65.93
2023,14,GWS,FRE,106.07,58.12
2023,14,RICH,STK,83.71,72.77
2023,14,CARL,GCFC,125.28,63.87
2023,14,NMFC,WB,80.03,103.53
2023,15,GEEL,MELB,76.54,72.9
2023,15,STK,BL,66.72,87.1
2023,15,SYD,WCE,184.17,36.64
2023,15,FRE,ESS,83.38,67.76
2023,15,COLL,ADEL,87.48,86.86
2023,15,GCFC,HAW,105.51,48.21
2023,16,BL,RICH,119.62,49.86
2023,16,SYD,GEEL,97.79,66.54
2023,16,WB,FRE,83.39,79.39
2023,16,ADEL,NMFC,123.64,65.52
2023,16,GCFC,COLL,57.64,126.88
2023,16,ESS,PORT,81.18,66.72
2023,16,HAW,CARL,53.48,102.18
2023,16,MELB,GWS,74.91,42.07
2023,16,WCE,STK,55.97,102.9
2023,17,RICH,SYD,105.28,71.21
2023,17,WB,COLL,78.92,79.31
2023,17,BL,WCE,121.08,32.43
2023,17,GWS,HAW,89.64,74.2
2023,17,STK,MELB,69.44,60.55
2023,17,PORT,GCFC,104.3,66.39
2023,17,GEEL,NMFC,124.3,49.32
2023,17,ESS,ADEL,103.33,72.12
2023,17,FRE,CARL,61.12,100.36
2023,18,SYD,WB,81.69,75.04
2023,18,MELB,BL,77.08,90.17
2023,18,COLL,FRE,97.69,77.1
2023,18,GCFC,STK,79.25,46.73
2023,18,CARL,PORT,113.83,88.21
2023,18,GEEL,ESS,109.27,38.98
2023,18,ADEL,GWS,61.66,69.0
2023,18,NMFC,HAW,30.44,88.12
2023,18,WCE,RICH,76.3,112.42
2023,19,ESS,WB,52.58,78.73
2023,19,RICH,HAW,103.17,67.72
2023,19,CARL,WCE,129.9,62.69
2023,19,BL,GEEL,64.61,61.31
2023,19,PORT,COLL,89.13,57.07
2023,19,FRE,SYD,65.02,80.88
2023,19,GWS,GCFC,105.32,50.29
2023,19,MELB,ADEL,96.15,85.64
2023,19,STK,NMFC,82.73,63.71
2023,20,COLL,CARL,90.46,84.92
2023,20,GEEL,FRE,76.63,76.61
2023,20,WB,GWS,83.15,89.05
2023,20,GCFC,BL,98.95,72.58
2023,20,ESS,SYD,91.7,91.78
2023,20,ADEL,PORT,109.41,69.03
2023,20,HAW,STK,82.05,102.54
2023,20,RICH,MELB,84.59,121.68
2023,20,WCE,NMFC,84.01,73.07
2023,21,WB,RICH,136.35,75.61
2023,21,ESS,WCE,84.72,66.92
2023,21,ADEL,GCFC,104.42,59.6
2023,21,HAW,COLL,100.29,61.02
2023,21,GEEL,PORT,99.64,92.67
2023,21,GWS,SYD,78.84,75.33
2023,21,NMFC,MELB,69.91,90.03
2023,21,STK,CARL,49.47,60.15
2023,21,FRE,BL,71.47,77.36
2023,22,COLL,GEEL,107.36,85.08
2023,22,NMFC,ESS,68.23,81.86
2023,22,SYD,GCFC,100.03,79.66
2023,22,BL,ADEL,91.05,100.72
2023,22,CARL,MELB,53.39,59.26
2023,22,WCE,FRE,48.48,117.02
2023,22,HAW,WB,80.07,71.57
2023,22,STK,RICH,91.82,75.27
2023,22,PORT,GWS,107.01,76.18
2023,23,COLL,BL,90.61,92.22
2023,23,RICH,NMFC,101.96,93.35
2023,23,GCFC,CARL,87.64,92.29
2023,23,GWS,ESS,133.75,45.9
2023,23,STK,GEEL,109.85,54.89
2023,23,ADEL,SYD,76.94,81.68
2023,23,WB,WCE,81.87,81.69
2023,23,MELB,HAW,85.93,56.68
2023,23,FRE,PORT,65.77,82.06
2023,24,ESS,COLL,49.51,82.51
2023,24,NMFC,GCFC,117.16,91.21
2023,24,HAW,FRE,56.8,85.1
2023,24,BL,STK,102.69,54.31
2023,24,GEEL,WB,98.45,87.09
2023,24,WCE,ADEL,69.86,137.67
2023,24,PORT,RICH,107.52,74.58
2023,24,SYD,MELB,89.25,90.48
2023,24,CARL,GWS,66.44,97.67
2023,25,COLL,MELB,53.48,71.85
2023,25,CARL,SYD,69.87,70.94
2023,25,STK,GWS,82.31,95.91
2023,25,BL,PORT,101.66,89.56
2023,26,MELB,CARL,81.8,63.56
2023,26,PORT,GWS,79.25,94.3
2023,27,COLL,GWS,59.48,64.95
2023,27,BL,CARL,85.87,62.93
2023,28,COLL,BL,82.04,68.46
2024,0,SYD,MELB,84.85,63.69
2024,0,BL,CARL,84.29,66.02
2024,0,GCFC,RICH,103.84,50.39
2024,0,GWS,COLL,73.54,90.81
2024,1,CARL,RICH,96.0,81.48
2024,1,COLL,SYD,62.6,100.47
2024,1,ESS,HAW,79.88,90.25
2024,1,GWS,NMFC,136.44,67.22
2024,1,GEEL,STK,97.91,89.34
2024,1,GCFC,ADEL,63.38,49.97
2024,1,MELB,WB,87.26,70.48
2024,1,PORT,WCE,127.32,73.72
2024,1,FRE,BL,85.67,71.43
2024,2,STK,COLL,75.37,67.37
2024,2,ADEL,GEEL,85.14,77.54
2024,2,NMFC,FRE,77.66,96.97
2024,2,HAW,MELB,48.6,77.96
2024,2,SYD,ESS,116.99,92.8
2024,2,WB,GCFC,105.02,59.46
2024,2,RICH,PORT,82.67,129.37
2024,2,WCE,GWS,47.02,94.86
2024,3,BL,COLL,64.35,70.89
2024,3,NMFC,CARL,72.75,122.83
2024,3,FRE,ADEL,81.02,41.03
2024,3,ESS,STK,77.14,83.54
2024,3,PORT,MELB,93.33,65.52
2024,3,WB,WCE,91.5,56.33
2024,3,RICH,SYD,78.01,76.58
2024,3,HAW,GEEL,74.87,78.91
2024,4,ADEL,MELB,80.89,85.64
2024,4,BL,NMFC,135.47,42.05
2024,4,PORT,ESS,89.83,40.22
2024,4,WCE,SYD,91.17,102.78
2024,4,FRE,CARL,74.64,81.15
2024,4,WB,GEEL,93.36,82.98
2024,4,GCFC,GWS,87.29,103.03
2024,4,RICH,STK,53.23,75.44
2024,4,COLL,HAW,74.46,66.79
2024,5,MELB,BL,58.2,82.93
2024,5,WB,ESS,81.54,81.62
2024,5,GWS,STK,83.0,80.57
2024,5,CARL,ADEL,94.94,95.02
2024,5,PORT,FRE,76.86,61.63
2024,5,GCFC,HAW,82.84,52.04
2024,5,GEEL,NMFC,125.21,55.26
2024,5,WCE,RICH,111.94,73.11
2024,6,STK,WB,72.39,105.59
2024,6,ADEL,ESS,63.41,84.38
2024,6,COLL,PORT,121.86,73.19
2024,6,CARL,GWS,117.08,89.95
2024,6,BL,GEEL,50.4,60.53
2024,6,WCE,FRE,91.1,64.45
2024,6,SYD,GCFC,81.71,57.23
2024,6,NMFC,HAW,63.93,101.17
2024,7,RICH,MELB,56.3,77.41
2024,7,ESS,COLL,81.88,90.51
2024,7,GWS,BL,82.78,68.71
2024,7,PORT,STK,92.13,54.74
2024,7,NMFC,ADEL,62.97,122.09
2024,7,GEEL,CARL,99.74,99.42
2024,7,FRE,WB,96.16,76.74
2024,7,GCFC,WCE,88.3,56.05
2024,7,HAW,SYD,66.4,93.34
2024,8,ADEL,PORT,59.58,69.58
2024,8,CARL,COLL,81.4,81.48
2024,8,SYD,GWS,74.8,55.18
2024,8,STK,NMFC,96.49,57.17
2024,8,MELB,GEEL,84.29,63.0
2024,8,WCE,ESS,90.02,80.04
2024,8,RICH,FRE,48.92,98.18
2024,8,WB,HAW,95.02,115.65
2024,8,BL,GCFC,99.64,51.8
2024,9,CARL,MELB,51.11,72.22
2024,9,GEEL,PORT,92.54,92.78
2024,9,FRE,SYD,78.57,89.57
2024,9,HAW,STK,65.38,70.6
2024,9,ESS,GWS,82.31,65.7
2024,9,GCFC,NMFC,111.35,61.34
2024,9,RICH,WB,38.07,141.99
2024,9,COLL,WCE,100.01,43.38
2024,9,ADEL,BL,87.13,91.66
2024,10,GCFC,GEEL,127.67,74.89
2024,10,SYD,CARL,111.84,64.07
2024,10,COLL,ADEL,68.23,67.79
2024,10,GWS,WB,51.05,91.27
2024,10,STK,FRE,53.0,106.21
2024,10,BL,RICH,147.67,62.84
2024,10,ESS,NMFC,99.68,68.03
2024,10,PORT,HAW,68.94,78.91
2024,10,WCE,MELB,106.82,64.46
2024,11,WB,SYD,92.47,87.17
2024,11,FRE,COLL,62.46,96.9
2024,11,NMFC,PORT,51.63,96.31
2024,11,CARL,GCFC,100.98,64.32
2024,11,GEEL,GWS,64.44,73.45
2024,11,RICH,ESS,66.3,80.51
2024,11,HAW,BL,96.11,83.77
2024,11,MELB,STK,96.01,79.65
2024,11,ADEL,WCE,109.61,53.34
2024,12,PORT,CARL,80.44,90.97
2024,12,COLL,WB,78.29,98.47
2024,12,HAW,ADEL,100.25,60.03
2024,12,WCE,STK,61.94,88.81
2024,12,GEEL,RICH,90.44,66.87
2024,12,MELB,FRE,57.41,117.6
2024,12,GCFC,ESS,77.92,93.29
2024,13,ADEL,RICH,87.94,69.33
2024,13,WB,BL,69.53,105.07
2024,13,HAW,GWS,105.2,85.31
2024,13,WCE,NMFC,75.36,77.95
2024,13,STK,GCFC,62.4,53.64
2024,13,SYD,GEEL,86.12,71.16
2024,13,ESS,CARL,94.77,85.4
2024,13,COLL,MELB,70.25,67.97
2024,14,BL,STK,108.93,92.17
2024,14,WB,FRE,133.63,83.92
2024,14,RICH,HAW,53.2,96.92
2024,14,ADEL,SYD,52.69,107.99
2024,14,NMFC,COLL,94.33,102.31
2024,14,GWS,PORT,89.46,61.63
2024,15,CARL,GEEL,116.82,71.54
2024,15,PORT,BL,79.29,108.75
2024,15,GWS,SYD,77.37,91.26
2024,15,MELB,NMFC,56.59,62.14
2024,15,ESS,WCE,97.78,79.69
2024,15,FRE,GCFC,86.79,61.33
2024,16,BL,MELB,90.12,84.62
2024,16,SYD,FRE,91.51,73.96
2024,16,NMFC,WB,55.48,93.36
2024,16,GCFC,COLL,110.53,84.07
2024,16,GEEL,ESS,93.84,62.71
2024,16,ADEL,GWS,110.37,76.43
2024,16,STK,PORT,76.59,76.89
2024,16,RICH,CARL,68.61,92.58
2024,16,WCE,HAW,45.44,120.8
2024,17,COLL,ESS,70.15,100.49
2024,17,NMFC,GCFC,67.95,80.73
2024,17,PORT,WB,111.24,54.41
2024,17,GEEL,HAW,121.02,52.42
2024,17,GWS,CARL,101.24,79.34
2024,17,FRE,RICH,95.81,68.76
2024,17,MELB,WCE,103.0,67.01
2024,17,STK,SYD,75.59,91.92
2024,17,BL,ADEL,104.46,69.69
2024,18,COLL,GEEL,67.69,90.38
2024,18,SYD,NMFC,133.85,52.8
2024,18,HAW,FRE,82.61,77.43
2024,18,WB,CARL,100.23,91.74
2024,18,MELB,ESS,71.27,76.58
2024,18,ADEL,STK,67.29,55.94
2024,18,GCFC,PORT,84.69,65.07
2024,18,RICH,GWS,95.4,88.93
2024,18,WCE,BL,83.72,99.86
2024,19,ESS,ADEL,97.53,80.99
2024,19,GWS,GCFC,63.47,84.08
2024,19,STK,WCE,105.31,43.3
2024,19,HAW,COLL,115.28,80.96
2024,19,PORT,RICH,110.07,62.6
2024,19,GEEL,WB,49.65,117.3
2024,19,BL,SYD,82.11,66.2
2024,19,FRE,MELB,126.44,59.35
2024,19,CARL,NMFC,95.41,73.03
2024,20,CARL,PORT,64.07,96.42
2024,20,NMFC,GEEL,64.27,88.49
2024,20,STK,ESS,97.76,53.24
2024,20,GCFC,BL,82.26,94.22
2024,20,MELB,GWS,63.77,76.78
2024,20,FRE,WCE,110.29,60.4
2024,20,COLL,RICH,93.41,88.04
2024,20,SYD,WB,53.93,104.85
2024,20,ADEL,HAW,60.79,110.67
2024,21,WB,MELB,135.15,61.69
2024,21,WCE,GCFC,82.12,91.92
2024,21,NMFC,RICH,69.3,85.22
2024,21,GEEL,ADEL,105.63,72.23
2024,21,PORT,SYD,137.68,33.64
2024,21,COLL,CARL,87.47,78.04
2024,21,GWS,HAW,85.83,76.44
2024,21,ESS,FRE,70.6,61.24
2024,21,STK,BL,46.93,100.83
2024,22,SYD,COLL,74.02,93.81
2024,22,NMFC,WCE,91.11,101.9
2024,22,BL,GWS,95.21,63.56
2024,22,FRE,GEEL,60.01,72.8
2024,22,ESS,GCFC,88.61,92.01
2024,22,MELB,PORT,62.17,76.97
2024,22,CARL,HAW,45.5,103.75
2024,22,RICH,STK,70.65,99.96
2024,22,ADEL,WB,100.29,94.78
2024,23,ESS,SYD,72.25,73.06
2024,23,GCFC,MELB,59.04,103.71
2024,23,GWS,FRE,89.57,94.21
2024,23,COLL,BL,86.19,85.18
2024,23,PORT,ADEL,45.68,30.17
2024,23,STK,GEEL,95.63,74.92
2024,23,HAW,RICH,129.72,55.22
2024,23,WCE,CARL,14.11,20.39
2024,24,MELB,COLL,59.64,112.67
2024,24,HAW,NMFC,135.46,46.0
2024,24,GEEL,WCE,149.45,69.96
2024,24,RICH,GCFC,58.96,84.22
2024,24,BL,ESS,99.62,59.9
2024,24,SYD,ADEL,84.42,83.98
2024,24,WB,GWS,94.54,54.47
2024,24,CARL,STK,72.9,76.84
2024,24,FRE,PORT,79.57,76.7
2024,25,PORT,GEEL,56.7,131.0
2024,25,WB,HAW,52.28,96.1
2024,25,SYD,GWS,66.77,77.37
2024,25,BL,CARL,109.21,62.78
2024,26,PORT,HAW,65.31,58.47
2024,26,GWS,BL,97.05,96.6
2024,27,SYD,PORT,90.13,76.19
2024,27,GEEL,BL,97.18,86.81
2024,28,SYD,BL,58.47,113.52
2025,0,SYD,HAW,63.71,95.42
2025,0,GWS,COLL,87.74,85.2
2025,1,RICH,CARL,59.68,76.27
2025,1,HAW,ESS,95.15,75.89
2025,1,GEEL,FRE,127.21,70.3
2025,1,SYD,BL,90.13,83.46
2025,1,COLL,PORT,110.6,62.53
2025,1,WB,NMFC,98.04,92.45
2025,1,ADEL,STK,113.05,70.26
2025,1,MELB,GWS,83.54,73.02
2025,1,WCE,GCFC,45.71,127.15
2025,2,CARL,HAW,69.64,67.39
2025,2,WB,COLL,62.02,92.7
2025,2,ESS,ADEL,81.73,116.75
2025,2,PORT,RICH,112.05,72.07
2025,2,STK,GEEL,89.64,93.91
2025,2,BL,WCE,89.94,63.59
2025,2,NMFC,MELB,107.7,83.3
2025,2,FRE,SYD,85.72,76.67
2025,3,ESS,PORT,84.48,68.26
2025,3,CARL,WB,62.26,75.79
2025,3,MELB,GCFC,64.9,116.41
2025,3,STK,RICH,125.81,58.58
2025,3,HAW,GWS,93.75,66.71
2025,3,BL,GEEL,77.4,50.62
2025,3,ADEL,NMFC,100.75,65.55
2025,3,WCE,FRE,66.32,120.16
2025,4,COLL,CARL,82.68,49.34
2025,4,GEEL,MELB,93.66,45.26
2025,4,GCFC,ADEL,98.05,80.8
2025,4,RICH,BL,80.31,85.16
2025,4,NMFC,SYD,51.48,106.98
2025,4,GWS,WCE,129.78,59.63
2025,4,PORT,STK,81.61,80.74
2025,4,FRE,WB,88.62,72.99
2025,5,ADEL,GEEL,84.87,105.3
2025,5,COLL,SYD,95.5,70.74
2025,5,NMFC,GCFC,87.22,111.3
2025,5,CARL,WCE,129.07,61.66
2025,5,WB,BL,101.79,110.12
2025,5,MELB,ESS,59.33,79.92
2025,5,RICH,FRE,39.59,99.1
2025,5,STK,GWS,78.42,98.12
2025,5,PORT,HAW,113.03,82.37
2025,6,BL,COLL,75.51,91.96
2025,6,NMFC,CARL,49.97,130.83
2025,6,WCE,ESS,76.72,74.58
2025,6,MELB,FRE,100.67,90.03
2025,6,ADEL,GWS,69.62,47.8
2025,6,RICH,GCFC,66.29,79.28
2025,6,SYD,PORT,87.42,75.41
2025,6,WB,STK,118.22,55.27
2025,6,GEEL,HAW,106.93,89.9
2025,7,MELB,RICH,85.72,67.53
2025,7,COLL,ESS,91.21,55.76
2025,7,FRE,ADEL,84.26,76.93
2025,7,STK,BL,57.89,134.55
2025,7,PORT,NMFC,93.24,99.68
2025,7,GWS,WB,106.12,87.98
2025,7,GCFC,SYD,113.48,84.44
2025,7,CARL,GEEL,80.6,75.23
2025,7,HAW,WCE,131.53,72.57
2025,8,ESS,NMFC,71.17,65.1
2025,8,STK,FRE,99.67,29.85
2025,8,WB,PORT,126.91,58.91
2025,8,ADEL,CARL,106.5,53.26
2025,8,COLL,GEEL,103.04,81.01
2025,8,WCE,MELB,70.07,104.06
2025,8,SYD,GWS,83.78,76.05
2025,8,HAW,RICH,107.06,62.51
2025,8,BL,GCFC,84.4,55.76
2025,9,FRE,COLL,71.96,84.57
2025,9,STK,CARL,59.09,75.5
2025,9,MELB,HAW,71.24,85.77
2025,9,ESS,SYD,51.99,72.56
2025,9,GCFC,WB,104.34,91.42
2025,9,PORT,ADEL,93.45,79.14
2025,9,RICH,WCE,81.72,79.24
2025,9,GEEL,GWS,111.24,97.39
2025,9,NMFC,BL,96.49,72.53
2025,10,GCFC,HAW,70.88,83.11
2025,10,SYD,CARL,76.44,60.54
2025,10,COLL,ADEL,81.07,77.3
2025,10,PORT,GEEL,48.58,104.85
2025,10,GWS,FRE,75.67,100.36
2025,10,WB,ESS,140.38,51.34
2025,10,RICH,NMFC,72.13,68.52
2025,10,BL,MELB,87.66,113.69
2025,10,WCE,STK,97.94,79.14
2025,11,GEEL,WB,112.22,112.51
2025,11,ESS,RICH,85.35,48.6
2025,11,CARL,GWS,72.5,85.86
2025,11,HAW,BL,69.3,96.59
2025,11,NMFC,COLL,61.54,99.05
2025,11,FRE,PORT,78.47,63.05
2025,11,ADEL,WCE,131.04,71.28
2025,11,MELB,SYD,125.9,62.43
2025,11,STK,GCFC,69.11,81.44
2025,12,BL,ESS,88.25,71.92
2025,12,COLL,HAW,99.65,62.15
2025,12,GCFC,FRE,75.13,64.91
2025,12,GWS,RICH,57.87,78.55
2025,12,SYD,ADEL,52.76,102.07
2025,12,MELB,STK,82.94,81.58
2025,12,WCE,GEEL,69.19,106.2
2025,13,WB,HAW,65.09,78.06
2025,13,ADEL,BL,59.24,88.06
2025,13,RICH,SYD,57.23,85.63
2025,13,GEEL,GCFC,55.28,38.33
2025,13,GWS,PORT,50.17,67.88
2025,13,NMFC,WCE,81.84,79.33
2025,13,CARL,ESS,91.89,66.21
2025,13,MELB,COLL,69.92,62.99
2025,14,STK,WB,64.55,120.83
2025,14,HAW,ADEL,68.92,82.39
2025,14,BL,GWS,98.91,76.19
2025,14,ESS,GEEL,57.29,118.8
2025,14,NMFC,FRE,59.23,83.54
2025,14,PORT,MELB,99.54,85.65
2025,14,WCE,CARL,63.48,103.64
2025,15,FRE,ESS,71.38,57.25
2025,15,GEEL,BL,91.18,85.02
2025,15,CARL,NMFC,78.01,75.76
2025,15,PORT,SYD,58.2,103.97
2025,15,COLL,STK,96.08,84.21
2025,15,GWS,GCFC,87.78,104.84
2025,15,WB,RICH,123.65,72.68
2025,16,PORT,CARL,108.22,83.01
2025,16,SYD,WB,92.02,78.38
2025,16,GCFC,MELB,113.2,97.36
2025,16,HAW,NMFC,119.84,75.11
2025,16,COLL,WCE,87.08,73.32
2025,16,RICH,ADEL,42.05,113.07
2025,16,FRE,STK,90.28,71.52
2025,17,NMFC,WB,82.47,123.1
2025,17,CARL,COLL,60.38,91.46
2025,17,WCE,GWS,60.75,107.04
2025,17,ESS,GCFC,65.84,99.87
2025,17,GEEL,RICH,124.37,49.77
2025,17,BL,PORT,97.63,73.32
2025,17,STK,HAW,92.56,95.9
2025,17,SYD,FRE,71.54,83.83
2025,17,ADEL,MELB,83.06,74.75
2025,18,CARL,BL,79.39,107.73
2025,18,GCFC,COLL,71.71,78.78
2025,18,WB,ADEL,89.43,104.69
2025,18,GWS,GEEL,92.83,69.15
2025,18,RICH,ESS,41.17,41.23
2025,18,FRE,HAW,64.08,65.32
2025,18,MELB,NMFC,94.81,79.71
2025,18,STK,SYD,74.41,75.29
2025,18,PORT,WCE,94.35,69.37
2025,19,ESS,GWS,77.83,99.87
2025,19,BL,WB,102.14,70.73
2025,19,HAW,PORT,80.03,47.43
2025,19,SYD,NMFC,84.3,46.06
2025,19,CARL,MELB,63.78,71.84
2025,19,WCE,RICH,65.77,97.46
2025,19,GEEL,STK,104.82,88.72
2025,19,COLL,FRE,70.85,75.39
2025,19,ADEL,GCFC,80.79,59.38
2025,20,HAW,CARL,88.68,59.97
2025,20,ESS,WB,61.36,129.3
2025,20,GWS,SYD,111.38,59.88
2025,20,GCFC,BL,111.93,67.52
2025,20,FRE,WCE,123.78,72.2
2025,20,NMFC,GEEL,61.85,155.05
2025,20,ADEL,PORT,131.06,43.8
2025,20,RICH,COLL,63.24,86.97
2025,20,STK,MELB,74.54,89.85
2025,21,WB,GWS,132.82,49.85
2025,21,ADEL,HAW,82.98,89.8
2025,21,MELB,WCE,133.71,57.83
2025,21,GCFC,RICH,90.19,49.93
2025,21,SYD,ESS,89.41,67.45
2025,21,COLL,BL,60.61,81.31
2025,21,STK,NMFC,87.37,65.51
2025,21,GEEL,PORT,142.3,54.62
2025,21,FRE,CARL,74.67,60.23
2025,22,HAW,COLL,104.29,51.6
2025,22,GEEL,ESS,120.1,62.57
2025,22,RICH,STK,42.42,52.97
2025,22,BL,SYD,96.2,104.53
2025,22,CARL,GCFC,79.77,89.33
2025,22,PORT,FRE,84.65,103.09
2025,22,GWS,NMFC,113.29,64.97
2025,22,MELB,WB,92.23,101.42
2025,22,WCE,ADEL,59.72,82.01
2025,23,ESS,STK,74.66,97.02
2025,23,FRE,BL,65.77,99.57
2025,23,GCFC,GWS,77.08,95.35
2025,23,CARL,PORT,113.78,76.88
2025,23,HAW,MELB,91.79,60.87
2025,23,ADEL,COLL,56.94,63.55
2025,23,NMFC,RICH,129.47,81.69
2025,23,SYD,GEEL,67.23,110.01
2025,23,WB,WCE,121.89,47.8
2025,24,ESS,CARL,63.1,79.95
2025,24,COLL,MELB,86.31,71.72
2025,24,PORT,GCFC,87.43,87.08
2025,24,NMFC,ADEL,110.28,93.92
2025,24,RICH,GEEL,69.88,98.94
2025,24,WCE,SYD,53.8,102.09
2025,24,GWS,STK,103.53,92.57
2025,24,WB,FRE,91.16,104.7
2025,24,BL,HAW,107.85,67.81
2025,24,GCFC,ESS,123.46,50.06
2025,25,ADEL,COLL,58.33,76.75
2025,25,GEEL,BL,109.11,76.33
2025,25,GWS,HAW,83.45,82.15
2025,25,FRE,GCFC,77.52,75.76
2025,26,ADEL,HAW,60.14,100.25
2025,26,BL,GCFC,107.7,56.42
2025,27,GEEL,HAW,96.98,64.83
2025,27,COLL,BL,69.33,87.58
2025,28,GEEL,BL,67.37,103.34
2026,0,SYD,CARL,119.57,65.21
2026,0,GCFC,GEEL,97.49,79.07
2026,0,GWS,HAW,91.33,95.22
2026,0,BL,WB,119.56,104.5
2026,0,STK,COLL,75.66,62.35
2026,1,CARL,RICH,81.08,86.79
2026,1,ESS,HAW,65.23,139.64
2026,1,WB,GWS,109.4,73.34
2026,1,GEEL,FRE,114.83,110.25
2026,1,SYD,BL,108.36,70.16
2026,1,COLL,ADEL,72.62,91.93
2026,1,NMFC,PORT,100.52,65.41
2026,1,MELB,STK,121.64,108.3
2026,1,GCFC,WCE,102.23,87.3
2026,2,HAW,SYD,124.02,71.23
2026,2,ADEL,WB,62.87,97.14
2026,2,RICH,GCFC,51.81,115.15
2026,2,GWS,STK,86.64,83.1
2026,2,FRE,MELB,114.53,76.07
2026,2,PORT,ESS,127.39,67.03
2026,2,WCE,NMFC,84.61,87.76
2026,3,GEEL,ADEL,114.66,49.19
2026,3,COLL,GWS,81.43,64.33
2026,3,STK,BL,81.6,112.46
2026,3,FRE,RICH,126.06,50.21
2026,3,ESS,NMFC,77.04,68.99
2026,3,PORT,WCE,86.27,88.16
2026,3,CARL,MELB,74.05,86.93
2026,4,BL,COLL,113.23,53.71
2026,4,NMFC,CARL,102.5,88.68
2026,4,ADEL,FRE,77.21,89.02
2026,4,RICH,PORT,68.36,70.18
2026,4,WCE,SYD,41.54,140.51
2026,4,MELB,GCFC,106.69,74.05
2026,4,WB,ESS,114.03,60.55
2026,4,HAW,GEEL,100.84,86.08
2026,5,ADEL,CARL,98.68,83.75
2026,5,COLL,FRE,50.09,38.47
2026,5,NMFC,BL,80.02,95.75
2026,5,ESS,MELB,92.84,57.63
2026,5,SYD,GCFC,108.87,77.38
2026,5,HAW,WB,103.85,98.47
2026,5,GEEL,WCE,130.09,86.58
2026,5,GWS,RICH,123.3,80.08
2026,5,PORT,STK,81.53,68.54
2026,6,CARL,COLL,90.13,84.22
2026,6,GEEL,WB,124.52,59.45
2026,6,SYD,GWS,89.96,71.94
2026,6,GCFC,ESS,129.47,93.9
2026,6,HAW,PORT,88.52,80.34
2026,6,ADEL,STK,118.95,99.73
2026,6,NMFC,RICH,118.92,66.72
2026,6,MELB,BL,86.42,98.8
2026,6,WCE,FRE,60.63,95.26
2026,7,WB,SYD,62.76,129.99
2026,7,RICH,MELB,64.6,118.48
2026,7,HAW,GCFC,101.31,78.66
2026,7,ESS,COLL,51.86,123.5
2026,7,PORT,GEEL,112.95,62.4
2026,7,FRE,CARL,89.58,96.23
2026,7,STK,WCE,113.74,57.47
2026,7,BL,ADEL,109.32,67.99
2026,7,GWS,NMFC,102.81,89.93
2026,8,COLL,HAW,59.74,99.07
2026,8,WB,FRE,88.89,95.32
2026,8,ADEL,PORT,66.17,75.63
2026,8,ESS,BL,78.15,117.64
2026,8,WCE,RICH,76.94,92.84
2026,8,GEEL,NMFC,110.0,77.62
2026,8,CARL,STK,88.87,108.13
2026,8,SYD,MELB,121.68,95.02
2026,8,GCFC,GWS,79.36,69.71
2026,9,FRE,HAW,86.19,60.48
2026,9,BL,CARL,100.82,94.38
2026,9,PORT,WB,65.99,88.05
2026,9,NMFC,SYD,95.8,85.3
2026,9,GWS,ESS,83.17,73.47
2026,9,GCFC,STK,86.67,74.16
2026,9,GEEL,COLL,94.9,84.0
2026,9,MELB,WCE,93.38,79.55
2026,9,RICH,ADEL,63.99,91.77
2026,10,BL,GEEL,100.13,114.13
2026,10,SYD,COLL,87.07,80.08
2026,10,GCFC,PORT,80.69,95.31
2026,10,ADEL,NMFC,127.79,66.49
2026,10,MELB,HAW,97.52,82.9
2026,10,CARL,WB,80.68,55.69
2026,10,ESS,FRE,61.75,86.37
2026,10,STK,RICH,100.89,57.73
2026,10,WCE,GWS,97.38,74.69
2026,11,HAW,ADEL,87.22,66.83
2026,11,RICH,ESS,62.76,66.5
2026,11,FRE,STK,89.86,76.59
2026,11,NMFC,GCFC,87.02,82.7
2026,11,GEEL,SYD,98.45,89.18
2026,11,COLL,WCE,83.39,76.51
2026,11,PORT,CARL,74.11,109.6
2026,11,GWS,BL,128.85,85.13
2026,11,WB,MELB,94.65,91.71
2026,12,STK,HAW,84.76,94.83
2026,12,CARL,GEEL,103.35,77.79
2026,12,SYD,RICH,156.23,55.63
2026,12,BL,FRE,84.08,93.99
2026,12,WB,COLL,96.15,91.82
2026,12,MELB,GWS,70.89,85.21
2026,12,WCE,ESS,95.14,76.24
2026,13,ADEL,GEEL,77.18,79.1
2026,13,HAW,WB,97.25,72.88
2026,13,NMFC,FRE,37.7,122.63
2026,13,GCFC,BL,62.47,111.94
2026,13,WCE,PORT,77.5,86.65
2026,13,SYD,STK,108.7,98.51
2026,13,ESS,CARL,61.16,70.16
2026,13,COLL,MELB,87.86,89.39
2026,14,WB,ADEL,80.72,82.47
2026,14,GEEL,GCFC,91.03,77.8
2026,14,MELB,ESS,96.9,54.57
2026,14,NMFC,WCE,85.92,78.53
2026,14,PORT,SYD,96.14,81.87
2026,14,RICH,BL,93.95,97.88
2026,14,STK,GWS,97.19,77.8
2026,15,FRE,GEEL,124.55,75.72
2026,15,GCFC,HAW,101.6,79.22
2026,15,ADEL,MELB,65.56,53.76
2026,15,GWS,CARL,73.58,92.29
2026,15,COLL,PORT,87.41,64.71
2026,15,RICH,NMFC,57.78,84.57
2026,15,STK,WB,79.72,85.62
2026,16,BL,SYD,109.06,72.27
2026,16,HAW,GWS,94.64,82.88
2026,16,CARL,WCE,111.31,62.56
2026,16,COLL,RICH,100.74,69.4
2026,16,PORT,ADEL,114.87,59.36
2026,16,NMFC,ESS,97.35,60.26
2026,16,FRE,GCFC,89.9,45.6
2026,17,GEEL,BL,91.76,99.93
2026,17,SYD,WB,93.1,72.24
2026,17,WCE,ADEL,65.72,80.07
2026,17,HAW,MELB,88.76,115.09
2026,17,GWS,FRE,104.82,73.13
2026,17,GCFC,COLL,75.61,84.66
2026,17,RICH,CARL,72.02,89.12
2026,17,ESS,STK,55.27,108.69
2026,17,PORT,NMFC,83.15,55.84
2026,18,FRE,SYD,118.73,77.7
2026,18,COLL,NMFC,95.99,97.84
2026,18,STK,PORT,109.11,77.56
2026,18,GWS,GEEL,97.15,64.02
2026,18,CARL,HAW,40.64,124.14
2026,18,ADEL,GCFC,123.9,49.84
2026,18,WB,WCE,77.89,71.23
2026,18,MELB,RICH,111.78,65.65
2026,18,BL,ESS,128.37,54.86
2026,19,GEEL,STK,90.29,80.27
2026,19,SYD,ADEL,75.48,67.39
2026,19,PORT,FRE,77.19,106.71
2026,19,NMFC,MELB,91.74,99.8
2026,19,COLL,CARL,79.24,74.07
2026,19,WCE,BL,69.5,112.35
2026,19,RICH,HAW,74.25,108.12
2026,19,GCFC,WB,83.31,89.58
2026,19,ESS,GWS,67.92,85.66
2026,20,ADEL,COLL,69.55,105.88
2026,20,MELB,GEEL,102.29,107.62
2026,20,FRE,WCE,118.92,42.01
2026,20,CARL,GCFC,133.86,79.65
2026,20,HAW,ESS,109.89,57.27
2026,20,GWS,SYD,81.95,117.36
2026,20,WB,RICH,123.46,43.88
2026,20,BL,PORT,117.15,74.01
2026,20,NMFC,STK,86.89,99.54
2026,21,COLL,GEEL,81.93,93.74
2026,21,FRE,WB,84.35,50.12
2026,21,STK,SYD,68.42,95.82
2026,21,HAW,NMFC,107.85,80.4
2026,21,PORT,GWS,76.5,78.1
2026,21,CARL,BL,121.32,76.07
2026,21,RICH,WCE,83.51,96.69
2026,21,GCFC,MELB,95.41,85.26
2026,21,ESS,ADEL,71.5,117.97
2026,22,WB,NMFC,68.91,83.35
2026,22,BL,HAW,118.7,64.99
2026,22,MELB,FRE,106.0,91.26
2026,22,SYD,PORT,131.18,81.58
2026,22,GEEL,ESS,109.28,59.04
2026,22,ADEL,RICH,58.45,59.02
2026,22,GWS,GCFC,78.36,81.95
2026,22,WCE,COLL,87.22,118.06
2026,22,STK,CARL,89.45,106.43
2026,23,FRE,ADEL,103.78,72.41
2026,23,RICH,STK,41.83,93.07
2026,23,NMFC,GEEL,96.59,110.23
2026,23,BL,GCFC,109.94,84.12
2026,23,HAW,COLL,95.6,98.49
2026,23,PORT,MELB,54.0,118.36
2026,23,GWS,WCE,101.38,66.08
2026,23,WB,CARL,77.22,69.15
2026,23,ESS,SYD,76.55,101.59
2026,24,STK,GCFC,82.72,114.53
2026,24,COLL,BL,84.02,132.24
2026,24,CARL,FRE,112.91,88.99
2026,24,MELB,WB,85.72,111.21
2026,24,GEEL,RICH,101.65,87.23
2026,24,ADEL,GWS,127.86,89.3
2026,24,ESS,PORT,104.13,80.34
2026,24,SYD,NMFC,134.72,72.99
2026,24,WCE,HAW,55.38,111.67
2026,25,WB,COLL,105.23,76.87
2026,25,MELB,CARL,70.67,97.23
2026,26,FRE,HAW,61.68,77.83
2026,26,GEEL,CARL,111.84,69.5
2026,26,SYD,BL,126.28,78.9
2026,26,ADEL,WB,69.57,74.45
2026,27,FRE,GEEL,96.57,96.09
2026,27,BL,ADEL,138.23,83.78
