year,round,home,away,home.xScore,away.xScore
2014,1,COLL,FRE,57.07,117.62
2014,1,GWS,SYD,90.57,63.61
2014,1,GCFC,RICH,101.72,69.94
2014,1,CARL,PORT,92.81,113.0
2014,1,GEEL,ADEL,112.17,70.26
2014,1,NMFC,ESS,44.75,91.81
2014,1,HAW,BL,126.02,92.13
2014,1,STK,MELB,59.29,61.91
2014,1,WCE,WB,114.13,56.22
2014,2,RICH,CARL,87.53,89.06
2014,2,ESS,HAW,81.16,92.71
2014,2,STK,GWS,70.43,84.8
2014,2,PORT,ADEL,115.72,58.35
2014,2,FRE,GCFC,87.8,46.76
2014,2,SYD,COLL,69.96,86.33
2014,2,BL,GEEL,58.86,94.26
2014,2,MELB,WCE,34.31,107.55
2014,2,WB,NMFC,52.9,87.71
2014,3,HAW,FRE,110.42,79.32
2014,3,WB,RICH,96.03,81.29
2014,3,ADEL,SYD,93.93,98.27
2014,3,GCFC,BL,94.58,60.47
2014,3,WCE,STK,89.92,66.46
2014,3,COLL,GEEL,64.7,91.86
2014,3,GWS,MELB,83.47,35.48
2014,3,NMFC,PORT,103.4,94.42
2014,3,ESS,CARL,113.32,57.73
2014,4,RICH,COLL,58.74,102.38
2014,4,CARL,MELB,74.96,68.93
2014,4,PORT,BL,143.13,45.08
2014,4,GWS,WB,81.21,95.05
2014,4,GEEL,WCE,106.53,41.19
2014,4,GCFC,HAW,49.36,123.54
2014,4,SYD,NMFC,48.71,87.98
2014,4,STK,ADEL,51.85,120.96
2014,4,FRE,ESS,85.55,53.51
2014,5,BL,RICH,68.96,100.61
2014,5,COLL,NMFC,104.18,48.17
2014,5,SYD,FRE,95.15,59.37
2014,5,ESS,STK,69.25,77.85
2014,5,WCE,PORT,80.52,70.84
2014,5,ADEL,GWS,124.17,64.76
2014,5,MELB,GCFC,76.33,94.11
2014,5,WB,CARL,92.8,106.89
2014,5,GEEL,HAW,98.21,87.82
2014,6,COLL,ESS,91.5,62.08
2014,6,STK,BL,93.37,66.97
2014,6,FRE,NMFC,69.95,79.72
2014,6,GCFC,GWS,127.39,97.76
2014,6,CARL,WCE,83.04,103.15
2014,6,MELB,SYD,47.63,78.86
2014,6,WB,ADEL,92.18,105.05
2014,6,RICH,HAW,53.49,96.89
2014,6,PORT,GEEL,108.63,77.54
2014,7,CARL,COLL,66.67,100.16
2014,7,HAW,STK,156.41,21.56
2014,7,GWS,PORT,80.08,123.32
2014,7,ADEL,MELB,81.45,53.51
2014,7,ESS,WB,75.0,63.6
2014,7,BL,SYD,50.73,116.68
2014,7,NMFC,GCFC,65.51,107.15
2014,7,GEEL,RICH,79.14,57.0
2014,7,WCE,FRE,72.23,68.58
2014,8,SYD,HAW,112.42,84.73
2014,8,PORT,FRE,91.96,80.36
2014,8,BL,ESS,58.58,57.72
2014,8,MELB,WB,72.75,74.85
2014,8,WCE,GWS,138.29,60.83
2014,8,STK,CARL,76.49,90.97
2014,9,ADEL,COLL,88.76,66.06
2014,9,ESS,SYD,66.58,84.73
2014,9,RICH,MELB,94.63,74.4
2014,9,NMFC,BL,143.78,26.67
2014,9,FRE,GEEL,106.0,55.96
2014,9,STK,GCFC,77.05,107.95
2014,10,GEEL,NMFC,115.04,99.69
2014,10,GWS,RICH,50.06,128.96
2014,10,COLL,WCE,89.03,97.26
2014,10,PORT,HAW,94.32,78.09
2014,10,GCFC,WB,110.54,79.8
2014,10,CARL,ADEL,75.65,93.83
2014,11,SYD,GEEL,138.37,38.76
2014,11,STK,COLL,53.97,130.77
2014,11,MELB,PORT,80.5,81.9
2014,11,BL,CARL,92.01,87.48
2014,11,ESS,RICH,98.12,51.18
2014,11,ADEL,GCFC,105.66,67.82
2014,11,WB,FRE,67.19,95.09
2014,11,HAW,GWS,78.91,73.85
2014,11,WCE,NMFC,48.16,88.92
2014,12,GEEL,CARL,98.12,104.86
2014,12,HAW,WCE,122.34,62.39
2014,12,PORT,STK,120.56,47.39
2014,12,WB,BL,82.31,81.17
2014,12,GWS,ESS,63.4,85.05
2014,12,GCFC,SYD,83.84,92.75
2014,12,FRE,ADEL,105.78,51.13
2014,12,NMFC,RICH,119.97,80.96
2014,12,MELB,COLL,30.23,67.2
2014,13,CARL,HAW,97.97,98.71
2014,13,RICH,FRE,74.18,87.32
2014,13,SYD,PORT,89.15,101.92
2014,13,WCE,GCFC,77.21,90.26
2014,13,ADEL,NMFC,90.83,81.53
2014,13,BL,GWS,68.16,121.17
2014,13,GEEL,STK,114.93,35.34
2014,13,COLL,WB,79.88,100.27
2014,13,ESS,MELB,88.12,69.47
2014,14,RICH,SYD,51.94,55.44
2014,14,PORT,WB,118.5,60.92
2014,14,HAW,COLL,103.11,75.16
2014,14,GCFC,GEEL,122.44,72.27
2014,14,ESS,ADEL,74.57,83.29
2014,14,FRE,BL,105.52,21.53
2014,14,GWS,CARL,90.34,83.84
2014,14,STK,WCE,73.9,99.5
2014,14,MELB,NMFC,58.64,115.32
2014,15,GEEL,ESS,86.68,82.38
2014,15,HAW,GCFC,97.55,48.13
2014,15,STK,RICH,59.55,107.76
2014,15,FRE,WCE,91.41,85.21
2014,15,BL,NMFC,51.16,76.86
2014,15,SYD,GWS,117.69,65.77
2014,15,WB,MELB,79.61,76.73
2014,15,ADEL,PORT,96.02,86.04
2014,15,COLL,CARL,89.47,73.24
2014,16,NMFC,HAW,109.34,84.71
2014,16,RICH,BL,76.77,51.41
2014,16,GWS,ADEL,94.15,141.02
2014,16,GCFC,COLL,82.73,80.56
2014,16,PORT,ESS,70.88,74.73
2014,16,MELB,FRE,49.23,84.69
2014,16,CARL,STK,122.43,62.13
2014,16,WCE,SYD,55.8,86.67
2014,16,GEEL,WB,68.91,62.18
2014,17,ADEL,HAW,81.87,102.64
2014,17,MELB,GEEL,30.28,106.14
2014,17,NMFC,STK,96.82,59.89
2014,17,WB,GCFC,93.33,76.18
2014,17,BL,WCE,57.38,73.97
2014,17,SYD,CARL,115.18,47.44
2014,17,RICH,PORT,120.61,95.75
2014,17,ESS,COLL,86.65,36.27
2014,17,FRE,GWS,112.76,55.92
2014,18,CARL,NMFC,88.31,79.85
2014,18,STK,FRE,115.51,44.15
2014,18,GWS,GEEL,90.64,105.98
2014,18,PORT,MELB,72.78,69.93
2014,18,WB,ESS,78.03,93.58
2014,18,WCE,RICH,34.86,55.83
2014,18,BL,GCFC,104.14,53.03
2014,18,HAW,SYD,100.3,83.09
2014,18,COLL,ADEL,76.62,98.67
2014,19,FRE,CARL,84.8,83.07
2014,19,SYD,ESS,79.08,57.57
2014,19,ADEL,WCE,101.93,126.62
2014,19,RICH,GWS,78.24,66.09
2014,19,NMFC,GEEL,88.52,114.94
2014,19,GCFC,STK,118.0,73.92
2014,19,MELB,BL,69.29,67.18
2014,19,HAW,WB,105.76,52.38
2014,19,COLL,PORT,75.21,53.27
2014,20,RICH,ESS,86.37,74.62
2014,20,GWS,NMFC,64.68,109.96
2014,20,CARL,GCFC,85.26,66.97
2014,20,HAW,MELB,114.78,76.13
2014,20,GEEL,FRE,84.87,78.94
2014,20,PORT,SYD,84.36,80.27
2014,20,BL,ADEL,68.32,159.31
2014,20,STK,WB,86.54,122.81
2014,20,WCE,COLL,115.01,58.39
2014,21,CARL,GEEL,75.9,91.76
2014,21,SYD,STK,116.54,55.84
2014,21,GCFC,PORT,38.44,64.91
2014,21,ESS,WCE,79.04,70.86
2014,21,ADEL,RICH,70.92,107.27
2014,21,COLL,BL,57.62,114.35
2014,21,NMFC,WB,101.54,71.09
2014,21,MELB,GWS,58.85,87.49
2014,21,FRE,HAW,87.44,94.03
2014,22,PORT,CARL,146.3,44.61
2014,22,NMFC,ADEL,121.58,105.66
2014,22,ESS,GCFC,98.02,86.5
2014,22,GWS,COLL,72.82,62.78
2014,22,HAW,GEEL,85.93,54.0
2014,22,WCE,MELB,104.75,48.8
2014,22,BL,FRE,46.62,115.98
2014,22,WB,SYD,70.74,112.77
2014,22,RICH,STK,77.69,69.76
2014,23,COLL,HAW,56.12,108.82
2014,23,CARL,ESS,68.67,75.54
2014,23,FRE,PORT,91.65,98.11
2014,23,SYD,RICH,66.56,73.2
2014,23,GEEL,BL,130.81,75.53
2014,23,NMFC,MELB,107.41,84.48
2014,23,GCFC,WCE,88.65,119.21
2014,23,ADEL,STK,111.78,55.92
2014,23,WB,GWS,108.04,100.53
2014,24,HAW,GEEL,89.52,56.36
2014,24,SYD,FRE,98.63,74.39
2014,24,NMFC,ESS,82.84,73.68
2014,24,PORT,RICH,119.62,70.62
2014,25,GEEL,NMFC,86.56,103.44
2014,25,FRE,PORT,103.16,107.28
2014,26,SYD,NMFC,128.64,73.54
2014,26,HAW,PORT,84.17,94.29
2014,27,SYD,HAW,65.27,116.82
2015,1,CARL,RICH,75.91,107.01
2015,1,MELB,GCFC,109.63,78.11
2015,1,SYD,ESS,75.63,57.29
2015,1,WB,WCE,93.22,72.56
2015,1,BL,COLL,64.79,94.76
2015,1,STK,GWS,66.87,98.1
2015,1,ADEL,NMFC,120.05,55.69
2015,1,FRE,PORT,64.91,63.68
2015,1,HAW,GEEL,126.06,62.64
2015,2,WCE,CARL,121.6,63.69
2015,2,RICH,WB,67.35,96.48
2015,2,GWS,MELB,78.16,56.65
2015,2,COLL,ADEL,69.33,94.21
2015,2,GCFC,STK,93.18,98.7
2015,2,PORT,SYD,47.68,81.63
2015,2,GEEL,FRE,58.33,93.51
2015,2,ESS,HAW,70.4,73.46
2015,2,NMFC,BL,129.83,48.78
2015,3,COLL,STK,120.98,62.8
2015,3,CARL,ESS,93.25,92.36
2015,3,ADEL,MELB,69.2,75.93
2015,3,SYD,GWS,107.81,85.87
2015,3,NMFC,PORT,88.62,105.65
2015,3,BL,RICH,61.13,115.95
2015,3,HAW,WB,125.97,48.84
2015,3,GEEL,GCFC,95.06,107.37
2015,3,WCE,FRE,70.8,96.01
2015,4,RICH,MELB,73.65,83.61
2015,4,STK,CARL,76.24,121.9
2015,4,ESS,COLL,56.52,63.59
2015,4,GWS,GCFC,139.13,56.05
2015,4,PORT,HAW,83.44,92.57
2015,4,FRE,SYD,71.48,61.57
2015,4,BL,WCE,74.04,121.95
2015,4,GEEL,NMFC,64.87,73.94
2015,4,WB,ADEL,131.87,69.85
2015,5,CARL,COLL,56.3,115.79
2015,5,RICH,GEEL,71.44,86.27
2015,5,SYD,WB,83.51,80.14
2015,5,GCFC,BL,113.71,54.44
2015,5,NMFC,HAW,66.45,138.21
2015,5,WCE,GWS,113.51,50.37
2015,5,MELB,FRE,62.88,97.86
2015,5,STK,ESS,87.3,90.06
2015,5,ADEL,PORT,92.54,101.88
2015,6,COLL,GEEL,62.72,84.86
2015,6,NMFC,RICH,104.71,70.24
2015,6,WB,STK,79.44,87.37
2015,6,GWS,HAW,100.4,103.16
2015,6,GCFC,ADEL,69.32,106.8
2015,6,MELB,SYD,59.33,94.49
2015,6,FRE,ESS,71.03,50.91
2015,6,CARL,BL,64.2,79.71
2015,6,PORT,WCE,59.88,78.9
2015,7,ESS,NMFC,87.34,103.64
2015,7,ADEL,STK,111.79,95.17
2015,7,HAW,MELB,126.06,47.27
2015,7,CARL,GWS,45.36,147.19
2015,7,SYD,GEEL,113.82,77.77
2015,7,WCE,GCFC,114.19,35.98
2015,7,WB,FRE,71.48,90.86
2015,7,RICH,COLL,81.81,89.77
2015,7,BL,PORT,93.33,85.3
2015,8,GEEL,CARL,110.12,69.38
2015,8,STK,WCE,62.74,118.93
2015,8,GWS,ADEL,99.43,74.82
2015,8,GCFC,COLL,69.69,122.28
2015,8,HAW,SYD,84.14,64.13
2015,8,FRE,NMFC,115.04,52.19
2015,8,ESS,BL,116.64,61.49
2015,8,MELB,WB,82.79,70.27
2015,8,PORT,RICH,58.49,69.71
2015,9,SYD,CARL,102.4,58.92
2015,9,HAW,GCFC,79.35,34.12
2015,9,MELB,PORT,58.3,92.31
2015,9,WB,GWS,112.97,46.82
2015,9,RICH,ESS,67.25,60.57
2015,9,ADEL,FRE,76.07,57.64
2015,9,BL,STK,70.78,106.14
2015,9,COLL,NMFC,85.6,95.87
2015,9,WCE,GEEL,143.7,54.3
2015,10,FRE,RICH,63.79,75.8
2015,10,CARL,ADEL,74.96,102.58
2015,10,GCFC,SYD,54.33,92.54
2015,10,ESS,GEEL,62.85,96.56
2015,10,PORT,WB,80.43,56.18
2015,10,GWS,BL,103.59,63.52
2015,10,NMFC,WCE,75.14,64.06
2015,10,STK,HAW,63.31,120.99
2015,10,MELB,COLL,78.7,89.72
2015,11,PORT,GEEL,54.7,89.57
2015,11,GCFC,FRE,35.07,76.04
2015,11,WCE,ESS,98.01,54.44
2015,11,NMFC,SYD,91.12,73.44
2015,11,COLL,GWS,91.53,75.28
2015,11,STK,MELB,86.67,77.77
2015,12,ADEL,HAW,84.12,103.79
2015,12,RICH,WCE,66.72,92.54
2015,12,CARL,PORT,91.01,90.49
2015,12,GWS,NMFC,63.24,108.89
2015,12,WB,BL,124.76,68.29
2015,12,GEEL,MELB,91.86,91.41
2015,13,FRE,COLL,78.39,55.11
2015,13,SYD,RICH,68.83,84.57
2015,13,HAW,ESS,117.36,78.77
2015,13,BL,ADEL,70.05,94.19
2015,13,STK,WB,67.01,48.79
2015,13,CARL,GCFC,117.49,74.68
2015,14,SYD,PORT,92.1,82.44
2015,14,COLL,HAW,114.8,96.08
2015,14,RICH,GWS,90.98,62.74
2015,14,GCFC,NMFC,106.12,66.77
2015,14,WB,CARL,68.69,69.84
2015,14,MELB,WCE,51.62,112.08
2015,14,ESS,STK,50.59,127.92
2015,14,FRE,BL,75.73,40.78
2015,15,PORT,COLL,64.99,60.01
2015,15,RICH,CARL,78.72,61.24
2015,15,ESS,MELB,58.57,83.35
2015,15,WB,GCFC,97.43,59.68
2015,15,NMFC,GEEL,111.85,77.78
2015,15,WCE,ADEL,141.4,84.91
2015,15,GWS,STK,87.66,53.84
2015,15,HAW,FRE,97.03,45.47
2015,15,BL,SYD,54.75,62.97
2015,16,NMFC,ESS,97.4,72.24
2015,16,GEEL,WB,85.63,61.22
2015,16,GCFC,GWS,72.57,100.93
2015,16,COLL,WCE,62.76,108.31
2015,16,SYD,HAW,71.89,126.16
2015,16,FRE,CARL,109.45,42.77
2015,16,MELB,BL,67.41,52.46
2015,16,PORT,ADEL,106.37,94.66
2015,16,STK,RICH,77.52,95.29
2015,17,CARL,HAW,40.65,153.66
2015,17,GWS,GEEL,42.49,81.28
2015,17,ADEL,GCFC,114.41,79.97
2015,17,RICH,FRE,97.9,76.94
2015,17,ESS,PORT,117.94,96.72
2015,17,BL,NMFC,44.93,111.37
2015,17,WB,COLL,115.1,86.28
2015,17,MELB,STK,62.16,74.87
2015,17,WCE,SYD,89.16,57.12
2015,18,HAW,RICH,51.84,63.05
2015,18,GEEL,BL,108.41,59.42
2015,18,COLL,MELB,65.48,99.24
2015,18,SYD,ADEL,113.05,68.87
2015,18,CARL,NMFC,50.03,92.71
2015,18,GCFC,WCE,87.97,109.33
2015,18,PORT,STK,107.45,67.12
2015,18,ESS,WB,48.88,120.77
2015,18,FRE,GWS,91.96,67.45
2015,19,ADEL,RICH,96.2,43.36
2015,19,COLL,CARL,101.01,78.7
2015,19,WB,PORT,131.47,52.79
2015,19,BL,GCFC,92.32,101.98
2015,19,GEEL,SYD,89.92,68.6
2015,19,WCE,HAW,75.54,93.75
2015,19,MELB,NMFC,83.24,113.88
2015,19,GWS,ESS,88.17,71.85
2015,19,STK,FRE,59.88,75.93
2015,20,SYD,COLL,77.05,87.01
2015,20,ESS,ADEL,62.24,135.29
2015,20,NMFC,STK,106.98,94.77
2015,20,PORT,GWS,111.93,94.02
2015,20,GEEL,HAW,81.14,95.51
2015,20,BL,CARL,98.74,66.18
2015,20,RICH,GCFC,108.99,58.56
2015,20,WB,MELB,130.56,64.71
2015,20,FRE,WCE,93.32,107.49
2015,21,HAW,PORT,86.49,105.68
2015,21,COLL,RICH,57.79,124.61
2015,21,GWS,SYD,45.53,117.85
2015,21,GCFC,ESS,112.25,95.65
2015,21,STK,GEEL,83.23,82.24
2015,21,ADEL,BL,109.25,52.5
2015,21,NMFC,FRE,79.15,80.44
2015,21,CARL,MELB,71.67,65.0
2015,21,WCE,WB,134.1,74.6
2015,22,GEEL,COLL,57.64,89.87
2015,22,GWS,CARL,122.31,56.71
2015,22,HAW,BL,115.39,60.05
2015,22,NMFC,WB,81.66,98.83
2015,22,ESS,RICH,45.29,85.75
2015,22,GCFC,PORT,61.92,84.48
2015,22,ADEL,WCE,110.26,69.49
2015,22,STK,SYD,53.28,123.99
2015,22,FRE,MELB,94.42,44.62
2015,23,RICH,NMFC,98.2,55.0
2015,23,GEEL,ADEL,135.81,69.95
2015,23,BL,WB,130.74,107.42
2015,23,PORT,FRE,115.01,54.11
2015,23,HAW,CARL,104.4,58.17
2015,23,SYD,GCFC,114.42,70.21
2015,23,WCE,STK,140.8,36.81
2015,23,MELB,GWS,106.99,83.0
2015,23,COLL,ESS,78.86,91.0
2015,24,WCE,HAW,90.39,67.67
2015,24,FRE,SYD,61.38,80.9
2015,24,WB,ADEL,108.76,99.76
2015,24,RICH,NMFC,70.52,98.87
2015,25,HAW,ADEL,111.4,65.11
2015,25,SYD,NMFC,51.95,83.92
2015,26,FRE,HAW,64.11,69.18
2015,26,WCE,NMFC,103.85,61.88
2015,27,HAW,WCE,90.58,72.04
2016,1,RICH,CARL,82.14,78.75
2016,1,MELB,GWS,68.73,102.0
2016,1,GCFC,ESS,128.4,52.0
2016,1,NMFC,ADEL,94.77,106.33
2016,1,SYD,COLL,137.27,57.87
2016,1,WB,FRE,108.47,49.05
2016,1,PORT,STK,130.39,87.33
2016,1,WCE,BL,154.18,101.54
2016,1,GEEL,HAW,103.11,82.29
2016,2,COLL,RICH,76.93,98.44
2016,2,ADEL,PORT,131.68,116.52
2016,2,ESS,MELB,80.8,65.8
2016,2,BL,NMFC,90.03,129.74
2016,2,STK,WB,42.76,83.74
2016,2,FRE,GCFC,117.39,121.44
2016,2,GWS,GEEL,76.56,67.6
2016,2,HAW,WCE,99.22,62.31
2016,2,CARL,SYD,76.75,123.6
2016,3,PORT,ESS,109.74,54.86
2016,3,STK,COLL,113.07,79.33
2016,3,RICH,ADEL,97.92,119.94
2016,3,SYD,GWS,89.2,61.04
2016,3,GCFC,CARL,103.41,55.3
2016,3,WCE,FRE,105.31,69.34
2016,3,NMFC,MELB,118.31,110.62
2016,3,WB,HAW,92.89,87.38
2016,3,GEEL,BL,126.18,74.91
2016,4,WCE,RICH,118.67,53.74
2016,4,ESS,GEEL,39.69,93.53
2016,4,HAW,STK,85.65,78.27
2016,4,BL,GCFC,113.72,89.02
2016,4,CARL,WB,48.64,69.83
2016,4,ADEL,SYD,105.56,102.24
2016,4,GWS,PORT,146.83,67.23
2016,4,COLL,MELB,70.76,90.49
2016,4,NMFC,FRE,111.33,109.84
2016,5,HAW,ADEL,100.48,93.91
2016,5,SYD,WCE,92.1,38.43
2016,5,GCFC,NMFC,77.86,116.99
2016,5,WB,BL,128.16,64.94
2016,5,PORT,GEEL,56.17,94.4
2016,5,STK,GWS,72.57,121.73
2016,5,FRE,CARL,82.72,84.86
2016,5,MELB,RICH,113.03,88.91
2016,5,COLL,ESS,119.19,66.66
2016,6,NMFC,WB,60.7,54.84
2016,6,MELB,STK,75.39,144.17
2016,6,ADEL,FRE,112.83,93.29
2016,6,GWS,HAW,145.23,82.45
2016,6,RICH,PORT,61.38,97.53
2016,6,GEEL,GCFC,165.61,52.09
2016,6,BL,SYD,82.07,80.79
2016,6,CARL,ESS,70.08,51.9
2016,6,WCE,COLL,125.13,53.83
2016,7,RICH,HAW,82.59,111.72
2016,7,COLL,CARL,85.1,92.07
2016,7,GEEL,WCE,126.76,70.38
2016,7,SYD,ESS,129.14,61.75
2016,7,GCFC,MELB,66.47,151.67
2016,7,WB,ADEL,125.33,93.57
2016,7,FRE,GWS,79.83,93.99
2016,7,STK,NMFC,66.08,100.57
2016,7,PORT,BL,122.74,86.32
2016,8,ADEL,GEEL,62.85,120.85
2016,8,ESS,NMFC,81.55,88.87
2016,8,HAW,FRE,100.56,71.58
2016,8,GWS,GCFC,149.04,42.28
2016,8,RICH,SYD,108.14,83.43
2016,8,BL,COLL,57.95,159.57
2016,8,CARL,PORT,83.86,105.27
2016,8,MELB,WB,77.08,101.14
2016,8,WCE,STK,115.65,41.18
2016,9,HAW,SYD,58.14,64.82
2016,9,COLL,GEEL,79.97,86.21
2016,9,GCFC,ADEL,77.79,123.31
2016,9,PORT,WCE,86.41,84.73
2016,9,NMFC,CARL,102.66,52.68
2016,9,FRE,RICH,53.81,85.67
2016,9,MELB,BL,137.39,76.6
2016,9,GWS,WB,76.19,73.34
2016,9,STK,ESS,113.0,61.75
2016,10,SYD,NMFC,78.61,68.11
2016,10,BL,HAW,78.14,109.98
2016,10,MELB,PORT,88.51,121.64
2016,10,STK,FRE,93.61,63.1
2016,10,ESS,RICH,62.93,87.83
2016,10,ADEL,GWS,116.9,72.38
2016,10,CARL,GEEL,96.48,91.38
2016,10,COLL,WB,57.93,60.59
2016,10,WCE,GCFC,121.47,76.16
2016,11,NMFC,RICH,120.69,53.66
2016,11,HAW,MELB,92.76,54.64
2016,11,CARL,BL,86.52,71.21
2016,11,GEEL,GWS,102.11,65.31
2016,11,GCFC,SYD,43.28,73.29
2016,11,FRE,ESS,105.88,56.58
2016,11,COLL,PORT,72.02,127.16
2016,11,WB,WCE,80.98,75.42
2016,11,ADEL,STK,151.25,54.79
2016,12,ESS,HAW,48.88,147.59
2016,12,PORT,WB,92.33,82.43
2016,12,BL,FRE,65.53,113.62
2016,12,GEEL,NMFC,100.01,50.88
2016,12,WCE,ADEL,66.1,113.04
2016,12,STK,CARL,89.41,72.76
2016,12,RICH,GCFC,103.81,69.21
2016,12,GWS,SYD,112.44,69.15
2016,12,MELB,COLL,99.05,68.42
2016,13,NMFC,HAW,96.39,85.16
2016,13,BL,WCE,83.43,114.64
2016,13,FRE,PORT,87.65,88.64
2016,13,WB,GEEL,62.05,85.2
2016,13,SYD,MELB,94.13,32.35
2016,13,ESS,GWS,116.97,109.32
2016,14,ADEL,NMFC,138.52,63.53
2016,14,COLL,FRE,81.55,47.58
2016,14,RICH,BL,107.29,76.86
2016,14,GWS,CARL,134.54,66.68
2016,14,STK,GEEL,79.42,91.35
2016,14,HAW,GCFC,83.06,71.33
2016,15,WCE,ESS,123.01,52.21
2016,15,PORT,RICH,83.03,48.36
2016,15,GCFC,STK,124.53,99.12
2016,15,SYD,WB,81.08,71.94
2016,15,CARL,COLL,43.97,66.65
2016,15,MELB,ADEL,88.29,109.81
2016,16,PORT,HAW,68.96,93.16
2016,16,GEEL,SYD,48.43,83.45
2016,16,GWS,COLL,89.26,113.58
2016,16,GCFC,BL,117.07,115.65
2016,16,WB,RICH,82.81,72.69
2016,16,MELB,FRE,98.66,49.73
2016,16,CARL,ADEL,44.53,106.9
2016,16,WCE,NMFC,97.46,65.72
2016,16,ESS,STK,103.31,95.59
2016,17,SYD,HAW,77.74,71.37
2016,17,FRE,GEEL,48.63,79.35
2016,17,RICH,ESS,81.1,87.11
2016,17,NMFC,PORT,95.51,102.98
2016,17,WB,GCFC,128.65,73.86
2016,17,ADEL,COLL,100.83,64.89
2016,17,CARL,WCE,64.86,82.28
2016,17,STK,MELB,134.58,72.67
2016,17,BL,GWS,75.11,135.48
2016,18,COLL,NMFC,76.89,126.28
2016,18,SYD,CARL,83.1,65.51
2016,18,GCFC,FRE,92.65,61.98
2016,18,WCE,MELB,58.16,68.68
2016,18,WB,STK,58.63,79.36
2016,18,GEEL,ADEL,80.91,64.82
2016,18,ESS,BL,115.44,109.21
2016,18,HAW,RICH,124.64,55.76
2016,18,PORT,GWS,60.28,90.23
2016,19,GEEL,WB,95.6,83.66
2016,19,GWS,RICH,89.51,25.94
2016,19,HAW,CARL,78.69,63.38
2016,19,COLL,WCE,78.65,59.71
2016,19,NMFC,STK,92.19,86.88
2016,19,BL,PORT,72.3,194.33
2016,19,MELB,GCFC,65.63,71.52
2016,19,FRE,SYD,35.9,123.07
2016,19,ADEL,ESS,132.38,67.62
2016,20,RICH,COLL,84.27,72.91
2016,20,SYD,PORT,105.69,51.99
2016,20,MELB,HAW,90.07,87.35
2016,20,GCFC,GWS,66.09,89.51
2016,20,WB,NMFC,57.0,48.72
2016,20,ADEL,BL,149.63,32.67
2016,20,CARL,STK,57.23,96.99
2016,20,GEEL,ESS,92.4,52.7
2016,20,FRE,WCE,67.09,97.51
2016,21,WB,COLL,96.32,88.68
2016,21,BL,CARL,80.9,111.01
2016,21,HAW,NMFC,82.17,54.36
2016,21,GWS,WCE,100.49,95.07
2016,21,STK,SYD,70.71,128.06
2016,21,PORT,MELB,47.07,106.08
2016,21,ESS,GCFC,71.44,72.19
2016,21,RICH,GEEL,61.29,83.84
2016,21,FRE,ADEL,58.06,137.24
2016,22,WCE,HAW,87.8,58.02
2016,22,NMFC,SYD,93.95,93.77
2016,22,RICH,STK,56.3,66.22
2016,22,GWS,FRE,116.98,48.09
2016,22,COLL,GCFC,127.68,67.13
2016,22,PORT,ADEL,94.87,130.43
2016,22,CARL,MELB,80.01,84.27
2016,22,BL,GEEL,69.58,127.39
2016,22,ESS,WB,65.71,90.73
2016,23,ADEL,WCE,66.05,112.45
2016,23,GEEL,MELB,128.83,45.84
2016,23,ESS,CARL,93.83,102.22
2016,23,SYD,RICH,146.57,51.29
2016,23,NMFC,GWS,61.75,106.69
2016,23,GCFC,PORT,81.28,94.88
2016,23,STK,BL,121.61,91.05
2016,23,HAW,COLL,98.86,96.06
2016,23,FRE,WB,70.58,50.32
2016,24,WCE,WB,57.32,97.95
2016,24,GEEL,HAW,77.06,80.75
2016,24,SYD,GWS,76.45,106.3
2016,24,ADEL,NMFC,125.67,70.81
2016,25,HAW,WB,94.67,105.62
2016,25,SYD,ADEL,101.52,79.5
2016,26,GEEL,SYD,67.82,79.48
2016,26,GWS,WB,84.16,92.59
2016,27,SYD,WB,60.36,80.41
2017,1,CARL,RICH,72.36,117.42
2017,1,COLL,WB,83.07,83.56
2017,1,STK,MELB,97.04,108.57
2017,1,SYD,PORT,75.36,95.39
2017,1,ESS,HAW,112.35,92.56
2017,1,GCFC,BL,92.88,75.91
2017,1,NMFC,WCE,114.89,121.82
2017,1,ADEL,GWS,130.8,82.38
2017,1,FRE,GEEL,77.44,92.57
2017,2,RICH,COLL,104.31,82.26
2017,2,WB,SYD,106.82,74.96
2017,2,HAW,ADEL,79.57,113.06
2017,2,GWS,GCFC,136.8,64.02
2017,2,BL,ESS,73.05,90.02
2017,2,WCE,STK,97.28,98.02
2017,2,GEEL,NMFC,104.03,95.03
2017,2,MELB,CARL,82.84,64.17
2017,2,PORT,FRE,131.43,57.4
2017,3,SYD,COLL,83.47,85.61
2017,3,NMFC,GWS,63.46,113.87
2017,3,RICH,WCE,76.04,66.94
2017,3,GEEL,MELB,106.57,123.58
2017,3,FRE,WB,82.62,79.03
2017,3,PORT,ADEL,85.25,93.27
2017,3,STK,BL,140.55,67.05
2017,3,CARL,ESS,61.34,40.11
2017,3,GCFC,HAW,123.06,67.13
2017,4,WCE,SYD,89.98,56.57
2017,4,NMFC,WB,95.44,96.34
2017,4,MELB,FRE,99.64,92.87
2017,4,GWS,PORT,105.62,85.63
2017,4,CARL,GCFC,79.67,92.78
2017,4,ADEL,ESS,120.63,75.91
2017,4,COLL,STK,68.14,87.64
2017,4,BL,RICH,61.9,110.18
2017,4,HAW,GEEL,51.03,119.95
2017,5,PORT,CARL,132.35,58.68
2017,5,WB,BL,142.58,78.67
2017,5,GCFC,ADEL,78.41,142.53
2017,5,SYD,GWS,61.15,96.26
2017,5,FRE,NMFC,71.58,62.22
2017,5,STK,GEEL,74.63,123.05
2017,5,HAW,WCE,111.54,85.89
2017,5,RICH,MELB,87.56,51.21
2017,5,ESS,COLL,86.89,88.46
2017,6,GWS,WB,69.28,85.38
2017,6,HAW,STK,57.13,124.42
2017,6,CARL,SYD,78.48,73.28
2017,6,BL,PORT,61.09,153.15
2017,6,NMFC,GCFC,98.92,81.55
2017,6,WCE,FRE,95.98,64.83
2017,6,ESS,MELB,87.27,100.6
2017,6,GEEL,COLL,75.15,94.8
2017,6,ADEL,RICH,119.18,52.62
2017,7,STK,GWS,102.83,78.58
2017,7,NMFC,ADEL,123.94,70.89
2017,7,COLL,CARL,54.85,66.38
2017,7,PORT,WCE,87.37,81.19
2017,7,GCFC,GEEL,124.55,85.9
2017,7,WB,RICH,95.4,78.89
2017,7,SYD,BL,123.5,80.61
2017,7,MELB,HAW,81.16,91.3
2017,7,FRE,ESS,120.53,85.63
2017,8,WCE,WB,89.87,77.83
2017,8,HAW,BL,99.89,67.84
2017,8,STK,CARL,85.24,58.49
2017,8,GWS,COLL,102.45,93.12
2017,8,ESS,GEEL,90.76,103.0
2017,8,ADEL,MELB,79.68,92.85
2017,8,RICH,FRE,66.12,76.63
2017,8,GCFC,PORT,54.25,105.65
2017,8,NMFC,SYD,80.73,107.93
2017,9,GEEL,WB,85.58,74.14
2017,9,STK,SYD,67.1,99.57
2017,9,GWS,RICH,68.3,94.91
2017,9,COLL,HAW,73.8,61.66
2017,9,BL,ADEL,82.65,130.85
2017,9,ESS,WCE,120.78,77.7
2017,9,MELB,NMFC,83.73,105.32
2017,9,FRE,CARL,70.2,52.14
2017,10,GEEL,PORT,93.59,75.81
2017,10,SYD,HAW,69.52,67.53
2017,10,WB,STK,100.37,56.5
2017,10,MELB,GCFC,138.4,76.79
2017,10,RICH,ESS,89.29,63.21
2017,10,ADEL,FRE,140.4,43.04
2017,10,COLL,BL,140.72,60.13
2017,10,CARL,NMFC,80.1,107.85
2017,10,WCE,GWS,85.39,81.24
2017,11,PORT,HAW,116.77,49.14
2017,11,GEEL,ADEL,102.93,65.83
2017,11,GCFC,WCE,91.44,80.1
2017,11,GWS,ESS,95.62,92.8
2017,11,NMFC,RICH,77.56,107.72
2017,11,FRE,COLL,86.74,114.95
2017,12,SYD,WB,94.67,43.81
2017,12,ADEL,STK,108.14,74.5
2017,12,HAW,GCFC,71.77,108.18
2017,12,BL,FRE,102.84,56.81
2017,12,ESS,PORT,123.05,76.88
2017,12,CARL,GWS,73.43,88.76
2017,12,MELB,COLL,100.61,76.58
2017,13,WCE,GEEL,99.06,77.31
2017,13,NMFC,STK,75.69,106.36
2017,13,RICH,SYD,70.73,68.72
2017,13,PORT,BL,118.34,71.64
2017,13,GCFC,CARL,78.51,93.23
2017,13,WB,MELB,58.35,115.53
2017,14,ADEL,HAW,67.92,96.0
2017,14,SYD,ESS,104.45,86.26
2017,14,COLL,PORT,62.29,97.61
2017,14,BL,GWS,89.62,133.35
2017,14,WB,NMFC,113.52,99.56
2017,14,WCE,MELB,95.67,95.73
2017,14,GEEL,FRE,85.25,55.57
2017,14,RICH,CARL,99.09,63.93
2017,14,STK,GCFC,116.29,81.69
2017,15,MELB,SYD,44.94,94.78
2017,15,WB,WCE,79.74,96.65
2017,15,CARL,ADEL,64.56,88.03
2017,15,GCFC,NMFC,97.85,106.05
2017,15,GWS,GEEL,53.56,54.15
2017,15,PORT,RICH,89.27,67.17
2017,15,ESS,BL,90.83,98.56
2017,15,HAW,COLL,107.47,85.06
2017,15,FRE,STK,73.86,99.64
2017,16,ADEL,WB,89.61,60.5
2017,16,HAW,GWS,106.8,85.63
2017,16,COLL,ESS,69.23,104.57
2017,16,SYD,GCFC,134.79,53.45
2017,16,BL,GEEL,70.7,147.48
2017,16,STK,RICH,134.75,86.24
2017,16,NMFC,FRE,70.57,76.89
2017,16,CARL,MELB,77.95,75.14
2017,16,WCE,PORT,82.52,108.37
2017,17,STK,ESS,76.97,124.02
2017,17,GEEL,HAW,84.53,101.13
2017,17,PORT,NMFC,121.44,53.94
2017,17,GCFC,COLL,79.71,101.29
2017,17,GWS,SYD,70.73,93.55
2017,17,MELB,ADEL,73.64,119.49
2017,17,RICH,BL,123.38,72.27
2017,17,CARL,WB,62.31,78.91
2017,17,FRE,WCE,67.08,69.52
2017,18,ADEL,GEEL,92.46,66.91
2017,18,ESS,NMFC,126.41,91.18
2017,18,MELB,PORT,69.74,63.57
2017,18,WB,GCFC,101.35,50.77
2017,18,SYD,STK,118.18,43.72
2017,18,FRE,HAW,48.12,100.21
2017,18,RICH,GWS,62.6,48.58
2017,18,COLL,WCE,91.75,70.78
2017,18,BL,CARL,93.65,89.44
2017,19,HAW,SYD,64.89,68.37
2017,19,NMFC,MELB,76.57,76.21
2017,19,GWS,FRE,111.65,80.87
2017,19,PORT,STK,55.25,72.73
2017,19,CARL,GEEL,56.16,117.14
2017,19,GCFC,RICH,50.9,112.19
2017,19,WB,ESS,120.11,110.65
2017,19,COLL,ADEL,92.5,84.52
2017,19,WCE,BL,102.12,42.45
2017,20,GEEL,SYD,69.86,105.14
2017,20,GWS,MELB,97.28,47.31
2017,20,ESS,CARL,107.74,77.71
2017,20,BL,WB,91.5,117.82
2017,20,NMFC,COLL,69.71,113.88
2017,20,FRE,GCFC,97.64,59.68
2017,20,STK,WCE,96.83,95.11
2017,20,RICH,HAW,104.43,67.11
2017,20,ADEL,PORT,141.64,44.8
2017,21,WB,GWS,64.23,89.08
2017,21,SYD,FRE,120.6,42.82
2017,21,GEEL,RICH,84.66,72.49
2017,21,BL,GCFC,109.68,79.74
2017,21,ESS,ADEL,65.91,117.13
2017,21,WCE,CARL,97.89,84.47
2017,21,MELB,STK,83.06,71.42
2017,21,HAW,NMFC,106.7,77.57
2017,21,PORT,COLL,95.16,65.72
2017,22,ADEL,SYD,93.6,66.04
2017,22,WB,PORT,71.65,89.4
2017,22,COLL,GEEL,53.12,75.64
2017,22,GWS,WCE,76.08,55.66
2017,22,CARL,HAW,71.49,62.39
2017,22,GCFC,ESS,47.23,94.77
2017,22,MELB,BL,88.94,75.92
2017,22,STK,NMFC,120.62,75.45
2017,22,FRE,RICH,53.63,124.19
2017,23,HAW,WB,88.89,88.92
2017,23,COLL,MELB,93.56,78.82
2017,23,BL,NMFC,88.96,128.16
2017,23,SYD,CARL,132.37,56.43
2017,23,GEEL,GWS,102.21,61.17
2017,23,PORT,GCFC,130.65,19.26
2017,23,ESS,FRE,93.0,75.54
2017,23,RICH,STK,92.43,79.74
2017,23,WCE,ADEL,101.76,73.25
2017,24,ADEL,GWS,83.26,54.07
2017,24,GEEL,RICH,48.32,96.5
2017,24,SYD,ESS,98.28,59.58
2017,24,PORT,WCE,96.13,68.33
2017,25,GEEL,SYD,87.53,44.48
2017,25,GWS,WCE,105.09,44.1
2017,26,ADEL,GEEL,108.59,91.73
2017,26,RICH,GWS,96.38,66.51
2017,27,ADEL,RICH,60.06,94.13
2018,1,RICH,CARL,120.11,77.71
2018,1,ESS,ADEL,108.17,99.86
2018,1,STK,BL,101.5,79.8
2018,1,PORT,FRE,108.44,53.38
2018,1,GCFC,NMFC,57.49,47.18
2018,1,HAW,COLL,92.02,58.42
2018,1,GWS,WB,116.95,54.55
2018,1,MELB,GEEL,96.51,107.7
2018,1,WCE,SYD,75.89,97.74
2018,2,ADEL,RICH,103.01,77.05
2018,2,NMFC,STK,120.56,46.63
2018,2,CARL,GCFC,76.1,95.37
2018,2,COLL,GWS,71.59,74.14
2018,2,BL,MELB,87.07,110.73
2018,2,FRE,ESS,97.06,75.61
2018,2,WB,WCE,83.94,113.68
2018,2,SYD,PORT,71.92,79.94
2018,2,GEEL,HAW,91.1,119.52
2018,3,CARL,COLL,79.9,78.09
2018,3,PORT,BL,101.78,80.77
2018,3,MELB,NMFC,121.36,72.1
2018,3,GCFC,FRE,72.29,111.64
2018,3,SYD,GWS,87.76,84.42
2018,3,STK,ADEL,66.44,100.74
2018,3,RICH,HAW,93.56,81.89
2018,3,WB,ESS,116.4,79.64
2018,3,WCE,GEEL,103.65,85.41
2018,4,ADEL,COLL,49.09,98.26
2018,4,GWS,FRE,95.25,39.2
2018,4,RICH,BL,102.09,27.23
2018,4,WB,SYD,69.94,81.78
2018,4,NMFC,CARL,104.49,29.86
2018,4,WCE,GCFC,125.64,55.07
2018,4,ESS,PORT,97.73,88.36
2018,4,HAW,MELB,92.27,60.4
2018,4,GEEL,STK,102.66,75.4
2018,5,SYD,ADEL,78.52,81.34
2018,5,STK,GWS,79.94,87.04
2018,5,CARL,WCE,55.83,87.31
2018,5,PORT,GEEL,56.26,79.8
2018,5,FRE,WB,103.65,49.46
2018,5,NMFC,HAW,97.37,56.45
2018,5,BL,GCFC,80.27,68.06
2018,5,MELB,RICH,49.28,95.57
2018,5,COLL,ESS,111.39,59.94
2018,6,WB,CARL,100.07,76.86
2018,6,GEEL,SYD,71.02,88.94
2018,6,NMFC,PORT,67.99,104.67
2018,6,GWS,BL,81.0,59.84
2018,6,HAW,STK,82.74,68.9
2018,6,ADEL,GCFC,114.77,61.2
2018,6,ESS,MELB,80.53,107.52
2018,6,COLL,RICH,54.49,113.58
2018,6,FRE,WCE,71.36,88.61
2018,7,GEEL,GWS,89.97,41.2
2018,7,WB,GCFC,93.31,70.8
2018,7,ESS,HAW,59.42,88.43
2018,7,WCE,PORT,82.39,52.79
2018,7,SYD,NMFC,87.28,79.46
2018,7,ADEL,CARL,117.72,68.12
2018,7,RICH,FRE,113.15,46.07
2018,7,STK,MELB,82.2,107.54
2018,7,BL,COLL,98.01,96.4
2018,8,HAW,SYD,73.71,64.59
2018,8,GWS,WCE,55.23,93.27
2018,8,CARL,ESS,88.73,86.86
2018,8,GCFC,MELB,71.46,161.82
2018,8,PORT,ADEL,98.22,67.75
2018,8,WB,BL,114.51,85.7
2018,8,FRE,STK,86.28,69.39
2018,8,NMFC,RICH,69.36,75.83
2018,8,COLL,GEEL,60.54,66.97
2018,9,ADEL,WB,54.56,43.22
2018,9,NMFC,GWS,97.98,79.63
2018,9,GCFC,PORT,42.98,111.23
2018,9,ESS,GEEL,87.57,56.41
2018,9,SYD,FRE,80.42,65.53
2018,9,STK,COLL,76.26,105.37
2018,9,CARL,MELB,51.35,143.9
2018,9,BL,HAW,107.47,56.79
2018,9,WCE,RICH,116.29,81.08
2018,10,COLL,WB,82.83,53.71
2018,10,RICH,STK,107.58,71.25
2018,10,BL,SYD,48.83,62.57
2018,10,GEEL,CARL,64.61,47.29
2018,10,GWS,ESS,70.05,86.85
2018,10,HAW,WCE,54.92,59.16
2018,10,MELB,ADEL,131.13,54.43
2018,10,FRE,NMFC,55.86,104.02
2018,11,SYD,CARL,93.08,60.01
2018,11,WB,MELB,58.76,112.26
2018,11,HAW,PORT,66.81,49.21
2018,11,GCFC,GEEL,57.67,129.15
2018,11,ESS,RICH,45.42,107.56
2018,11,WCE,STK,88.15,63.87
2018,11,NMFC,BL,113.49,97.3
2018,11,COLL,FRE,116.85,67.77
2018,11,ADEL,GWS,85.59,99.39
2018,12,PORT,RICH,82.01,66.04
2018,12,GEEL,NMFC,90.61,64.45
2018,12,GWS,GCFC,109.58,20.79
2018,12,STK,SYD,70.99,106.23
2018,12,BL,ESS,81.67,82.96
2018,12,FRE,ADEL,77.26,69.89
2018,12,MELB,COLL,86.61,122.81
2018,13,PORT,WB,133.75,70.15
2018,13,SYD,WCE,80.02,69.82
2018,13,CARL,FRE,57.53,102.66
2018,13,GCFC,STK,69.69,76.8
2018,13,HAW,ADEL,92.4,30.58
2018,13,GEEL,RICH,64.09,81.73
2018,14,WCE,ESS,74.26,70.43
2018,14,PORT,MELB,79.84,75.01
2018,14,HAW,GCFC,110.77,68.95
2018,14,BL,GWS,66.85,103.72
2018,14,WB,NMFC,77.19,71.63
2018,14,COLL,CARL,77.59,51.14
2018,15,RICH,SYD,77.42,49.84
2018,15,WB,GEEL,87.23,106.93
2018,15,CARL,PORT,70.2,84.07
2018,15,ADEL,WCE,96.46,57.91
2018,15,GWS,HAW,97.84,74.3
2018,15,GCFC,COLL,73.23,104.2
2018,15,MELB,STK,100.05,114.87
2018,15,ESS,NMFC,107.46,111.62
2018,15,FRE,BL,71.97,115.53
2018,16,SYD,GEEL,47.4,92.62
2018,16,RICH,ADEL,100.5,56.51
2018,16,BL,CARL,112.32,50.51
2018,16,PORT,STK,96.43,55.17
2018,16,WB,HAW,57.24,111.96
2018,16,MELB,FRE,142.6,34.76
2018,16,NMFC,GCFC,88.77,71.76
2018,16,ESS,COLL,63.19,68.33
2018,16,WCE,GWS,69.47,90.31
2018,17,ADEL,GEEL,117.18,89.46
2018,17,STK,CARL,129.86,48.94
2018,17,HAW,BL,65.06,85.73
2018,17,MELB,WB,104.64,67.35
2018,17,GWS,RICH,68.52,90.36
2018,17,GCFC,ESS,66.82,111.55
2018,17,COLL,WCE,77.17,100.49
2018,17,NMFC,SYD,77.89,91.76
2018,17,FRE,PORT,70.88,47.45
2018,18,STK,RICH,53.93,107.37
2018,18,COLL,NMFC,107.12,65.8
2018,18,SYD,GCFC,73.49,94.6
2018,18,ESS,FRE,107.17,57.8
2018,18,GEEL,MELB,75.33,95.36
2018,18,BL,ADEL,93.99,105.45
2018,18,CARL,HAW,62.21,126.91
2018,18,WCE,WB,104.92,57.16
2018,18,PORT,GWS,62.15,83.53
2018,19,ESS,SYD,102.12,55.01
2018,19,RICH,COLL,91.27,73.34
2018,19,GEEL,BL,124.41,79.23
2018,19,GWS,STK,84.83,79.2
2018,19,GCFC,CARL,60.98,62.28
2018,19,ADEL,MELB,80.05,91.11
2018,19,NMFC,WCE,78.56,41.66
2018,19,WB,PORT,35.54,83.98
2018,19,FRE,HAW,63.67,98.66
2018,20,RICH,GEEL,81.89,80.84
2018,20,HAW,ESS,98.63,84.85
2018,20,BL,NMFC,97.3,102.33
2018,20,ADEL,PORT,87.38,85.32
2018,20,STK,WB,71.23,98.46
2018,20,SYD,COLL,61.79,71.54
2018,20,CARL,GWS,44.79,135.76
2018,20,MELB,GCFC,152.17,46.92
2018,20,WCE,FRE,142.17,71.61
2018,21,ESS,STK,118.63,93.28
2018,21,HAW,GEEL,69.08,64.18
2018,21,GCFC,RICH,52.05,121.4
2018,21,PORT,WCE,56.94,57.98
2018,21,GWS,ADEL,105.17,85.1
2018,21,COLL,BL,110.95,75.08
2018,21,NMFC,WB,85.07,89.98
2018,21,MELB,SYD,94.22,75.38
2018,21,FRE,CARL,91.13,68.39
2018,22,RICH,ESS,81.18,62.1
2018,22,COLL,PORT,107.47,53.21
2018,22,GEEL,FRE,143.58,37.58
2018,22,GWS,SYD,54.81,88.51
2018,22,STK,HAW,76.72,86.41
2018,22,GCFC,BL,72.9,96.16
2018,22,CARL,WB,45.13,65.14
2018,22,WCE,MELB,79.19,105.13
2018,22,ADEL,NMFC,94.51,79.96
2018,23,PORT,ESS,92.76,93.83
2018,23,GEEL,GCFC,128.57,53.0
2018,23,RICH,WB,88.84,79.64
2018,23,FRE,COLL,82.42,72.71
2018,23,SYD,HAW,82.93,77.8
2018,23,CARL,ADEL,73.88,144.06
2018,23,BL,WCE,65.27,102.18
2018,23,MELB,GWS,94.08,55.87
2018,23,STK,NMFC,85.5,118.79
2018,24,RICH,HAW,83.77,60.69
2018,24,MELB,GEEL,82.02,49.04
2018,24,SYD,GWS,31.94,94.96
2018,24,WCE,COLL,76.12,68.33
2018,25,HAW,MELB,71.7,97.47
2018,25,COLL,GWS,75.66,52.95
2018,26,RICH,COLL,49.18,80.65
2018,26,WCE,MELB,106.92,71.62
2018,27,WCE,COLL,84.0,54.51
2019,1,CARL,RICH,62.44,90.52
2019,1,COLL,GEEL,70.48,70.63
2019,1,MELB,PORT,64.36,95.85
2019,1,ADEL,HAW,61.33,94.21
2019,1,WB,SYD,95.48,75.13
2019,1,BL,WCE,98.79,49.41
2019,1,STK,GCFC,63.21,76.64
2019,1,GWS,ESS,132.99,46.88
2019,1,FRE,NMFC,119.27,49.53
2019,2,RICH,COLL,63.21,102.22
2019,2,SYD,ADEL,66.13,88.95
2019,2,ESS,STK,77.11,91.66
2019,2,PORT,CARL,83.7,60.88
2019,2,GEEL,MELB,102.79,56.75
2019,2,WCE,GWS,86.09,57.93
2019,2,HAW,WB,81.35,94.47
2019,2,GCFC,FRE,81.12,56.35
2019,3,ADEL,GEEL,82.77,102.11
2019,3,MELB,ESS,88.53,112.7
2019,4,SYD,MELB,71.02,55.08
2019,4,COLL,WB,84.05,63.39
2019,4,GEEL,GWS,73.0,70.25
2019,4,ESS,BL,93.75,63.23
2019,4,PORT,RICH,81.88,94.06
2019,4,NMFC,ADEL,96.08,71.73
2019,4,WCE,FRE,67.81,65.14
2019,4,GCFC,CARL,61.31,61.55
2019,4,STK,HAW,82.16,71.31
2019,5,BL,COLL,63.78,116.58
2019,5,NMFC,ESS,82.52,106.15
2019,5,WCE,PORT,49.54,103.41
2019,5,GWS,FRE,86.93,96.11
2019,5,MELB,STK,60.0,79.54
2019,5,RICH,SYD,87.11,61.27
2019,5,WB,CARL,77.44,89.72
2019,5,ADEL,GCFC,110.62,52.27
2019,5,HAW,GEEL,82.79,101.42
2019,6,RICH,MELB,92.39,39.9
2019,6,ESS,COLL,62.67,82.7
2019,6,PORT,NMFC,97.38,62.97
2019,6,GCFC,BL,63.04,108.47
2019,6,STK,ADEL,71.02,93.45
2019,6,SYD,GWS,66.32,102.63
2019,6,FRE,WB,94.19,76.95
2019,6,HAW,CARL,93.61,72.7
2019,6,GEEL,WCE,104.86,34.59
2019,7,COLL,PORT,115.51,72.81
2019,7,GWS,STK,101.17,76.12
2019,7,MELB,HAW,76.76,65.8
2019,7,BL,SYD,95.45,69.36
2019,7,WB,RICH,98.71,58.42
2019,7,WCE,GCFC,89.58,58.92
2019,7,CARL,NMFC,73.27,117.82
2019,7,GEEL,ESS,75.38,56.64
2019,7,ADEL,FRE,57.34,28.86
2019,8,SYD,ESS,87.15,62.34
2019,8,CARL,COLL,84.32,95.73
2019,8,WB,BL,90.69,70.32
2019,8,GCFC,MELB,49.65,71.4
2019,8,STK,WCE,73.07,107.94
2019,8,PORT,ADEL,76.36,76.42
2019,8,NMFC,GEEL,83.08,82.03
2019,8,HAW,GWS,63.08,44.9
2019,8,FRE,RICH,97.57,102.34
2019,9,WCE,MELB,68.12,84.34
2019,9,COLL,STK,96.74,66.14
2019,9,BL,ADEL,93.86,92.55
2019,9,GEEL,WB,114.72,87.5
2019,9,ESS,FRE,74.51,66.49
2019,9,NMFC,SYD,66.52,85.81
2019,9,PORT,GCFC,86.31,56.77
2019,9,RICH,HAW,89.8,72.05
2019,9,GWS,CARL,135.03,39.71
2019,10,SYD,COLL,62.19,85.38
2019,10,HAW,PORT,78.95,65.13
2019,10,WB,NMFC,89.38,95.47
2019,10,ADEL,WCE,78.86,80.0
2019,10,GCFC,GEEL,64.43,93.44
2019,10,RICH,ESS,78.76,60.32
2019,10,MELB,GWS,72.41,89.56
2019,10,STK,CARL,77.09,53.89
2019,10,FRE,BL,92.5,77.29
2019,11,NMFC,RICH,89.31,57.92
2019,11,COLL,FRE,72.23,82.65
2019,11,GWS,GCFC,110.51,48.48
2019,11,GEEL,SYD,73.73,73.7
2019,11,BL,HAW,91.09,59.86
2019,11,MELB,ADEL,93.97,77.37
2019,11,STK,PORT,93.57,116.19
2019,11,ESS,CARL,71.11,48.17
2019,11,WCE,WB,113.3,80.31
2019,12,RICH,GEEL,41.97,72.45
2019,12,CARL,BL,71.04,60.97
2019,12,GCFC,NMFC,67.31,104.89
2019,12,ADEL,GWS,79.43,61.62
2019,12,SYD,WCE,94.49,64.69
2019,12,COLL,MELB,87.0,67.91
2019,13,ADEL,RICH,96.85,72.12
2019,13,ESS,HAW,94.83,68.96
2019,13,GCFC,STK,73.0,80.37
2019,13,FRE,PORT,86.94,84.37
2019,13,CARL,WB,102.25,104.94
2019,13,NMFC,GWS,61.15,71.11
2019,14,WCE,ESS,124.59,63.59
2019,14,SYD,HAW,78.99,62.62
2019,14,MELB,FRE,77.94,60.44
2019,14,STK,BL,64.82,107.1
2019,14,PORT,GEEL,64.46,61.46
2019,14,WB,COLL,85.3,68.81
2019,15,ESS,GWS,62.29,74.47
2019,15,GEEL,ADEL,91.76,56.89
2019,15,HAW,WCE,82.99,67.19
2019,15,SYD,GCFC,81.19,57.75
2019,15,COLL,NMFC,27.09,90.24
2019,15,PORT,WB,58.67,57.33
2019,15,STK,RICH,71.18,86.29
2019,15,BL,MELB,103.8,71.07
2019,15,FRE,CARL,65.28,81.84
2019,16,HAW,COLL,61.25,59.48
2019,16,ESS,SYD,72.67,75.68
2019,16,GCFC,RICH,48.99,134.95
2019,16,ADEL,PORT,55.56,95.93
2019,16,WB,GEEL,81.99,81.33
2019,16,FRE,WCE,50.68,101.72
2019,16,CARL,MELB,94.41,105.66
2019,16,NMFC,STK,102.91,61.54
2019,16,GWS,BL,69.77,91.13
2019,17,WCE,COLL,65.78,76.96
2019,17,SYD,CARL,73.21,79.08
2019,17,HAW,FRE,76.31,48.78
2019,17,ESS,NMFC,82.49,72.39
2019,17,GCFC,ADEL,58.56,136.16
2019,17,GEEL,STK,81.87,56.88
2019,17,RICH,GWS,109.16,69.93
2019,17,WB,MELB,87.03,65.84
2019,17,PORT,BL,56.05,93.42
2019,18,ADEL,ESS,73.89,79.21
2019,18,RICH,PORT,96.64,61.02
2019,18,CARL,GCFC,95.38,65.89
2019,18,GWS,COLL,108.37,68.6
2019,18,BL,NMFC,92.27,54.06
2019,18,FRE,SYD,61.47,61.06
2019,18,GEEL,HAW,74.85,86.69
2019,18,MELB,WCE,94.24,77.35
2019,18,STK,WB,116.74,70.47
2019,19,COLL,RICH,65.69,92.16
2019,19,HAW,BL,81.07,79.53
2019,19,CARL,ADEL,76.42,48.73
2019,19,WCE,NMFC,102.18,83.42
2019,19,STK,MELB,98.76,69.12
2019,19,PORT,GWS,66.72,60.0
2019,19,WB,FRE,118.03,79.24
2019,19,SYD,GEEL,79.67,104.55
2019,19,GCFC,ESS,85.93,85.69
2019,20,NMFC,HAW,93.55,62.2
2019,20,ESS,PORT,75.35,106.13
2019,20,GWS,SYD,79.8,72.37
2019,20,FRE,GEEL,96.38,62.21
2019,20,MELB,RICH,61.86,90.49
2019,20,ADEL,STK,76.59,75.66
2019,20,COLL,GCFC,116.11,40.5
2019,20,CARL,WCE,71.95,95.18
2019,20,BL,WB,88.76,85.82
2019,21,GWS,HAW,28.86,77.15
2019,21,MELB,COLL,63.97,60.46
2019,21,PORT,SYD,87.29,71.83
2019,21,BL,GCFC,130.14,47.71
2019,21,GEEL,NMFC,79.93,26.44
2019,21,ESS,WB,31.82,119.56
2019,21,STK,FRE,67.46,62.46
2019,21,RICH,CARL,72.32,48.89
2019,21,WCE,ADEL,85.13,60.04
2019,22,MELB,SYD,62.08,81.65
2019,22,CARL,STK,78.33,76.96
2019,22,BL,GEEL,70.76,70.92
2019,22,ADEL,COLL,61.24,113.68
2019,22,NMFC,PORT,129.85,62.68
2019,22,FRE,ESS,68.88,86.18
2019,22,RICH,WCE,89.78,65.68
2019,22,GWS,WB,63.27,109.28
2019,22,HAW,GCFC,110.79,47.99
2019,23,COLL,ESS,75.17,53.85
2019,23,SYD,STK,89.55,73.83
2019,23,NMFC,MELB,78.48,83.73
2019,23,GEEL,CARL,131.74,62.41
2019,23,GCFC,GWS,60.68,108.37
2019,23,WCE,HAW,87.58,91.02
2019,23,WB,ADEL,113.94,82.41
2019,23,RICH,BL,74.34,39.98
2019,23,PORT,FRE,126.8,65.09
2019,24,WCE,ESS,109.16,51.05
2019,24,GEEL,COLL,55.76,51.46
2019,24,GWS,WB,112.51,62.23
2019,24,BL,RICH,83.75,88.26
2019,25,GEEL,WCE,77.03,59.67
2019,25,BL,GWS,81.42,64.46
2019,26,RICH,GEEL,96.74,67.88
2019,26,COLL,GWS,47.33,51.12
2019,27,RICH,GWS,92.75,32.46
2020,1,RICH,CARL,101.38,80.05
2020,1,WB,COLL,33.86,86.58
2020,1,ESS,FRE,61.79,63.0
2020,1,ADEL,SYD,60.96,72.96
2020,1,GWS,GEEL,74.95,69.58
2020,1,GCFC,PORT,25.09,85.7
2020,1,NMFC,STK,61.34,71.76
2020,1,HAW,BL,79.84,62.71
2020,1,WCE,MELB,67.05,61.53
2020,2,COLL,RICH,35.61,28.76
2020,2,GEEL,HAW,88.29,41.94
2020,2,BL,FRE,69.1,59.07
2020,2,CARL,MELB,71.68,58.07
2020,2,PORT,ADEL,96.66,34.61
2020,2,GCFC,WCE,78.34,55.58
2020,2,GWS,NMFC,66.71,67.83
2020,2,SYD,ESS,67.69,68.49
2020,2,STK,WB,77.96,53.48
2020,3,RICH,HAW,54.52,55.85
2020,3,WB,GWS,59.99,32.85
2020,3,NMFC,SYD,70.07,72.14
2020,3,COLL,STK,81.66,40.51
2020,3,BL,WCE,81.09,41.22
2020,3,GEEL,CARL,77.07,72.53
2020,3,GCFC,ADEL,81.45,30.84
2020,3,FRE,PORT,41.5,67.79
2020,4,SYD,WB,46.23,65.9
2020,4,GWS,COLL,50.81,65.42
2020,4,PORT,WCE,91.85,32.63
2020,4,STK,RICH,80.83,67.14
2020,4,ESS,CARL,35.07,56.11
2020,4,GCFC,FRE,51.71,50.04
2020,4,BL,ADEL,116.48,32.48
2020,4,MELB,GEEL,43.78,42.34
2020,4,HAW,NMFC,65.08,53.51
2020,5,CARL,STK,51.23,67.27
2020,5,COLL,ESS,43.73,49.45
2020,5,WCE,SYD,84.44,52.77
2020,5,GEEL,GCFC,91.26,44.25
2020,5,WB,NMFC,76.66,42.9
2020,5,BL,PORT,91.3,59.72
2020,5,ADEL,FRE,48.85,53.73
2020,5,MELB,RICH,46.1,73.95
2020,5,GWS,HAW,66.13,43.72
2020,6,GEEL,BL,56.87,42.81
2020,6,COLL,HAW,48.83,36.7
2020,6,FRE,STK,68.72,81.46
2020,6,WCE,ADEL,63.7,31.2
2020,6,MELB,GCFC,64.25,63.9
2020,6,ESS,NMFC,78.58,61.87
2020,6,PORT,GWS,68.24,49.11
2020,6,RICH,SYD,45.76,37.21
2020,6,CARL,WB,78.86,56.73
2020,7,GEEL,COLL,32.38,55.31
2020,7,ESS,WB,61.39,80.26
2020,7,GWS,BL,67.23,92.39
2020,7,SYD,GCFC,51.56,89.52
2020,7,RICH,NMFC,85.69,34.75
2020,7,CARL,PORT,54.23,74.33
2020,7,HAW,MELB,41.4,86.26
2020,7,FRE,WCE,28.51,58.27
2020,7,ADEL,STK,56.93,62.61
2020,8,GCFC,WB,46.09,44.75
2020,8,GWS,RICH,63.04,59.66
2020,8,NMFC,CARL,46.4,68.17
2020,8,SYD,HAW,59.43,45.15
2020,8,PORT,STK,46.45,54.3
2020,8,ADEL,ESS,64.03,58.36
2020,8,WCE,COLL,86.93,40.8
2020,8,MELB,BL,54.31,58.95
2020,8,FRE,GEEL,18.9,54.05
2020,9,WB,RICH,51.61,84.21
2020,9,MELB,PORT,42.38,77.62
2020,9,CARL,HAW,53.6,72.87
2020,9,ESS,BL,41.25,84.22
2020,9,NMFC,ADEL,90.78,40.25
2020,9,STK,SYD,103.61,63.05
2020,9,WCE,GEEL,69.5,60.39
2020,9,GCFC,GWS,47.21,53.32
2020,9,FRE,COLL,50.19,41.13
2020,10,PORT,WB,63.85,45.17
2020,10,RICH,BL,81.76,76.23
2020,10,GEEL,NMFC,79.78,44.38
2020,10,ADEL,MELB,34.19,86.01
2020,10,COLL,SYD,53.77,41.09
2020,10,GCFC,STK,70.46,69.69
2020,10,ESS,GWS,47.91,60.04
2020,11,PORT,RICH,102.33,64.08
2020,11,BL,WB,84.32,61.33
2020,11,WCE,CARL,71.21,48.76
2020,11,MELB,NMFC,106.45,33.38
2020,11,STK,GEEL,39.18,96.02
2020,11,FRE,HAW,50.51,32.57
2020,11,ADEL,COLL,34.46,51.17
2020,11,GCFC,ESS,63.96,60.62
2020,12,SYD,GWS,54.06,33.65
2020,12,GEEL,PORT,87.89,33.69
2020,12,NMFC,BL,52.5,66.7
2020,12,MELB,COLL,73.78,43.09
2020,12,FRE,CARL,30.53,49.32
2020,12,WB,ADEL,126.99,56.13
2020,12,STK,ESS,63.03,30.63
2020,12,WCE,HAW,75.08,45.67
2020,12,RICH,GCFC,49.85,33.67
2020,13,GCFC,CARL,26.94,67.22
2020,13,WB,MELB,68.56,58.86
2020,13,PORT,HAW,80.59,50.92
2020,13,ESS,RICH,46.03,78.09
2020,13,FRE,SYD,40.64,20.62
2020,13,ADEL,GEEL,44.69,69.76
2020,13,BL,STK,63.44,49.01
2020,13,WCE,GWS,57.76,51.27
2020,13,COLL,NMFC,51.7,36.53
2020,14,HAW,ESS,75.97,84.32
2020,14,RICH,WCE,61.91,58.05
2020,14,WB,GEEL,61.23,62.32
2020,14,PORT,SYD,62.61,47.38
2020,14,FRE,GWS,43.66,82.74
2020,14,MELB,STK,36.63,49.57
2020,14,CARL,COLL,44.07,76.59
2020,14,GCFC,NMFC,112.19,27.59
2020,15,HAW,ADEL,38.94,92.09
2020,15,WCE,ESS,49.11,56.23
2020,15,RICH,FRE,49.34,35.1
2020,15,SYD,MELB,63.39,57.08
2020,15,GWS,CARL,62.58,46.09
2020,15,BL,COLL,42.9,31.16
2020,16,NMFC,PORT,37.78,85.18
2020,16,STK,HAW,89.62,78.71
2020,16,GEEL,ESS,82.15,60.33
2020,16,WB,WCE,62.16,44.42
2020,16,MELB,FRE,45.52,56.01
2020,16,ADEL,GWS,68.1,43.4
2020,16,CARL,SYD,56.56,44.72
2020,16,BL,GCFC,83.49,35.37
2020,17,STK,WCE,61.8,72.19
2020,17,GEEL,RICH,35.32,73.79
2020,17,NMFC,FRE,29.09,99.73
2020,17,PORT,ESS,76.88,27.19
2020,17,GWS,MELB,72.41,65.73
2020,17,CARL,ADEL,64.56,70.09
2020,17,HAW,WB,35.32,71.61
2020,17,SYD,BL,35.56,64.01
2020,17,COLL,GCFC,61.69,46.02
2020,18,NMFC,WCE,49.38,48.67
2020,18,STK,GWS,67.8,47.74
2020,18,ESS,MELB,54.9,68.29
2020,18,ADEL,RICH,40.97,57.3
2020,18,BL,CARL,75.66,39.76
2020,18,HAW,GCFC,92.16,55.43
2020,18,SYD,GEEL,56.04,74.84
2020,18,FRE,WB,45.77,74.18
2020,18,COLL,PORT,32.69,52.61
2020,19,PORT,GEEL,55.68,57.43
2020,19,BL,RICH,63.08,44.57
2020,19,STK,WB,78.76,69.2
2020,19,WCE,COLL,82.58,66.99
2020,20,RICH,STK,69.17,56.17
2020,20,GEEL,COLL,85.93,27.38
2020,21,PORT,RICH,32.4,47.6
2020,21,BL,GEEL,43.71,79.71
2020,22,RICH,GEEL,66.37,46.35
2021,1,RICH,CARL,118.9,82.73
2021,1,COLL,WB,60.11,91.04
2021,1,MELB,FRE,96.06,66.18
2021,1,ADEL,GEEL,90.57,96.76
2021,1,ESS,HAW,91.24,94.45
2021,1,BL,SYD,65.6,93.42
2021,1,NMFC,PORT,85.25,115.64
2021,1,GWS,STK,90.11,78.22
2021,1,WCE,GCFC,94.86,66.36
2021,2,CARL,COLL,76.46,90.01
2021,2,GEEL,BL,86.7,82.09
2021,2,SYD,ADEL,101.16,105.75
2021,2,PORT,ESS,100.61,74.13
2021,2,STK,MELB,71.55,108.72
2021,2,GCFC,NMFC,112.29,39.88
2021,2,HAW,RICH,52.76,87.96
2021,2,WB,WCE,95.39,84.44
2021,2,FRE,GWS,112.77,75.13
2021,3,COLL,BL,66.13,81.38
2021,3,NMFC,WB,47.06,157.42
2021,3,ADEL,GCFC,88.3,80.43
2021,3,RICH,SYD,79.08,109.9
2021,3,ESS,STK,112.57,76.72
2021,3,WCE,PORT,85.77,64.53
2021,3,CARL,FRE,120.44,63.97
2021,3,GWS,MELB,64.59,97.88
2021,3,GEEL,HAW,61.54,75.71
2021,4,SYD,ESS,94.42,77.37
2021,4,PORT,RICH,95.59,65.13
2021,4,WB,BL,83.41,54.19
2021,4,STK,WCE,105.07,66.31
2021,4,COLL,GWS,59.19,63.89
2021,4,GCFC,CARL,55.85,97.76
2021,4,NMFC,ADEL,70.32,96.77
2021,4,MELB,GEEL,86.21,53.97
2021,4,FRE,HAW,114.91,74.25
2021,5,STK,RICH,46.58,122.83
2021,5,WCE,COLL,84.06,87.36
2021,5,WB,GCFC,120.81,67.65
2021,5,SYD,GWS,69.9,88.41
2021,5,CARL,PORT,84.72,84.91
2021,5,BL,ESS,103.77,44.22
2021,5,ADEL,FRE,66.72,80.84
2021,5,HAW,MELB,47.75,103.52
2021,5,GEEL,NMFC,107.5,51.7
2021,6,GWS,WB,56.03,100.53
2021,6,GCFC,SYD,98.29,43.02
2021,6,GEEL,WCE,106.71,48.07
2021,6,CARL,BL,83.05,92.99
2021,6,MELB,RICH,78.46,76.14
2021,6,FRE,NMFC,106.15,52.99
2021,6,HAW,ADEL,100.44,97.7
2021,6,COLL,ESS,69.84,85.86
2021,6,PORT,STK,84.37,52.04
2021,7,RICH,WB,83.67,62.17
2021,7,COLL,GCFC,63.3,69.26
2021,7,ADEL,GWS,71.54,119.6
2021,7,STK,HAW,121.03,53.92
2021,7,BL,PORT,95.52,58.22
2021,7,SYD,GEEL,74.34,110.54
2021,7,NMFC,MELB,67.04,87.76
2021,7,ESS,CARL,87.48,103.82
2021,7,WCE,FRE,114.87,63.41
2021,8,RICH,GEEL,49.88,110.22
2021,8,GCFC,STK,73.77,79.47
2021,8,GWS,ESS,95.22,83.86
2021,8,NMFC,COLL,97.55,90.77
2021,8,MELB,SYD,61.06,60.45
2021,8,PORT,ADEL,96.62,42.43
2021,8,HAW,WCE,53.78,91.77
2021,8,WB,CARL,108.37,80.81
2021,8,BL,FRE,102.83,76.63
2021,9,STK,GEEL,75.96,68.68
2021,9,SYD,COLL,93.7,59.78
2021,9,HAW,NMFC,70.78,88.16
2021,9,GCFC,BL,44.14,109.79
2021,9,RICH,GWS,84.41,92.31
2021,9,PORT,WB,67.78,86.46
2021,9,ESS,FRE,74.03,79.66
2021,9,MELB,CARL,82.82,67.67
2021,9,WCE,ADEL,93.43,81.61
2021,10,BL,RICH,93.09,66.01
2021,10,CARL,HAW,72.93,67.09
2021,10,GEEL,GCFC,75.29,60.11
2021,10,ADEL,MELB,82.21,95.56
2021,10,WB,STK,135.6,37.16
2021,10,FRE,SYD,89.92,64.05
2021,10,GWS,WCE,103.33,72.55
2021,10,COLL,PORT,66.28,60.16
2021,10,ESS,NMFC,107.97,59.88
2021,11,WB,MELB,54.77,74.85
2021,11,COLL,GEEL,65.75,79.85
2021,11,BL,GWS,113.35,63.08
2021,11,STK,NMFC,111.9,72.02
2021,11,GCFC,HAW,114.66,76.71
2021,11,WCE,ESS,49.3,101.38
2021,11,RICH,ADEL,91.83,81.65
2021,11,SYD,CARL,84.71,72.96
2021,11,PORT,FRE,95.68,71.96
2021,12,MELB,BL,91.4,64.0
2021,12,SYD,STK,98.58,87.29
2021,12,ADEL,COLL,78.22,60.14
2021,12,ESS,RICH,93.23,105.29
2021,12,CARL,WCE,86.41,76.24
2021,12,FRE,WB,66.64,119.33
2021,13,PORT,GEEL,79.15,89.31
2021,13,SYD,HAW,49.25,80.82
2021,13,FRE,GCFC,72.24,67.63
2021,13,STK,ADEL,58.63,79.13
2021,13,NMFC,GWS,73.6,84.84
2021,13,WCE,RICH,69.22,82.79
2021,13,MELB,COLL,76.28,82.83
2021,14,GEEL,WB,80.09,66.48
2021,14,GCFC,PORT,32.48,81.44
2021,14,NMFC,BL,50.11,89.05
2021,14,GWS,CARL,82.73,82.55
2021,14,HAW,ESS,76.97,75.14
2021,15,BL,GEEL,94.7,55.0
2021,15,RICH,STK,45.27,61.66
2021,15,COLL,FRE,78.81,77.64
2021,15,NMFC,GCFC,85.0,49.32
2021,15,PORT,SYD,81.65,67.02
2021,15,ESS,MELB,65.45,79.44
2021,15,GWS,HAW,67.29,87.3
2021,15,WCE,WB,44.27,119.89
2021,15,CARL,ADEL,92.15,72.74
2021,16,GCFC,RICH,92.9,55.63
2021,16,GEEL,ESS,85.1,48.61
2021,16,MELB,GWS,67.43,65.67
2021,16,ADEL,BL,73.22,89.65
2021,16,FRE,CARL,76.2,73.86
2021,16,HAW,PORT,61.75,90.59
2021,16,SYD,WCE,108.21,48.69
2021,16,COLL,STK,69.52,72.04
2021,16,WB,NMFC,110.17,87.84
2021,17,PORT,MELB,52.53,94.5
2021,17,ESS,ADEL,100.31,32.77
2021,17,HAW,FRE,52.52,103.79
2021,17,CARL,GEEL,68.21,72.12
2021,17,BL,STK,71.55,89.44
2021,17,GWS,GCFC,74.45,67.75
2021,17,WB,SYD,85.37,86.27
2021,17,RICH,COLL,50.57,81.38
2021,17,WCE,NMFC,59.28,73.99
2021,18,FRE,GEEL,49.15,116.47
2021,18,RICH,BL,91.5,95.49
2021,18,STK,PORT,66.3,82.15
2021,18,GCFC,WB,84.9,66.21
2021,18,MELB,HAW,80.89,66.04
2021,18,NMFC,ESS,81.46,93.72
2021,18,COLL,CARL,56.87,96.13
2021,18,ADEL,WCE,55.87,94.56
2021,18,GWS,SYD,75.43,71.33
2021,19,PORT,COLL,101.81,71.76
2021,19,CARL,NMFC,81.8,92.78
2021,19,BL,GCFC,134.13,79.34
2021,19,WCE,STK,81.71,70.1
2021,19,MELB,WB,71.61,69.72
2021,19,ADEL,HAW,83.99,76.93
2021,19,SYD,FRE,105.57,72.25
2021,19,GEEL,RICH,77.16,64.5
2021,19,ESS,GWS,69.68,78.53
2021,20,STK,CARL,86.44,82.27
2021,20,WB,ADEL,105.76,66.11
2021,20,NMFC,GEEL,42.28,76.23
2021,20,COLL,WCE,79.3,45.9
2021,20,GCFC,MELB,43.59,133.68
2021,20,HAW,BL,78.21,85.55
2021,20,ESS,SYD,85.09,84.41
2021,20,FRE,RICH,63.16,68.45
2021,20,GWS,PORT,68.64,80.3
2021,21,GEEL,GWS,73.39,71.32
2021,21,CARL,GCFC,55.25,67.8
2021,21,RICH,NMFC,86.25,58.14
2021,21,ADEL,PORT,55.74,61.53
2021,21,STK,SYD,84.98,61.73
2021,21,HAW,COLL,68.59,69.49
2021,21,WB,ESS,117.96,77.06
2021,21,FRE,BL,50.2,118.99
2021,21,WCE,MELB,62.3,91.7
2021,22,GWS,RICH,97.37,71.51
2021,22,HAW,WB,73.72,51.7
2021,22,PORT,CARL,138.93,75.63
2021,22,GEEL,STK,75.19,55.76
2021,22,BL,COLL,120.72,65.25
2021,22,NMFC,SYD,72.93,85.39
2021,22,MELB,ADEL,99.14,65.35
2021,22,GCFC,ESS,38.68,93.62
2021,22,FRE,WCE,64.03,72.52
2021,23,WB,PORT,55.2,72.13
2021,23,RICH,HAW,90.69,77.76
2021,23,SYD,GCFC,111.77,53.91
2021,23,BL,WCE,118.38,97.86
2021,23,GEEL,MELB,69.39,72.66
2021,23,CARL,GWS,79.35,111.86
2021,23,STK,FRE,84.85,58.48
2021,23,ESS,COLL,102.65,72.24
2021,23,ADEL,NMFC,117.98,66.23
2021,24,PORT,GEEL,87.55,53.39
2021,24,SYD,GWS,88.23,60.57
2021,24,MELB,BL,89.67,64.19
2021,24,WB,ESS,83.91,62.51
2021,25,GEEL,GWS,103.01,68.37
2021,25,BL,WB,84.53,72.29
2021,26,MELB,GEEL,103.97,37.88
2021,26,PORT,WB,62.57,105.26
2021,27,MELB,WB,108.26,53.94
2022,1,MELB,WB,97.96,52.41
2022,1,CARL,RICH,103.08,76.36
2022,1,STK,COLL,84.28,86.63
2022,1,GEEL,ESS,110.46,68.79
2022,1,GWS,SYD,90.97,100.94
2022,1,BL,PORT,89.72,64.99
2022,1,HAW,NMFC,85.48,67.05
2022,1,ADEL,FRE,83.34,84.01
2022,1,WCE,GCFC,60.02,124.83
2022,2,WB,CARL,88.57,70.76
2022,2,SYD,GEEL,79.63,80.15
2022,2,COLL,ADEL,99.48,63.78
2022,2,ESS,BL,82.62,80.06
2022,2,PORT,HAW,74.49,92.19
2022,2,GCFC,MELB,76.26,71.14
2022,2,NMFC,WCE,87.26,69.33
2022,2,RICH,GWS,93.8,72.75
2022,2,FRE,STK,56.64,74.29
2022,3,WB,SYD,95.83,56.15
2022,3,MELB,ESS,99.38,58.11
2022,3,ADEL,PORT,87.63,92.15
2022,3,GWS,GCFC,87.75,67.71
2022,3,COLL,GEEL,90.32,80.57
2022,3,BL,NMFC,140.84,42.96
2022,3,CARL,HAW,63.48,62.88
2022,3,STK,RICH,105.0,64.55
2022,3,WCE,FRE,55.88,102.15
2022,4,PORT,MELB,46.87,77.96
2022,4,GEEL,BL,87.03,66.02
2022,4,SYD,NMFC,77.29,79.72
2022,4,COLL,WCE,96.22,62.84
2022,4,RICH,WB,86.02,75.88
2022,4,FRE,GWS,88.71,47.36
2022,4,ESS,ADEL,83.48,96.51
2022,4,HAW,STK,83.22,122.0
2022,4,GCFC,CARL,101.83,78.14
2022,5,BL,COLL,92.92,76.93
2022,5,NMFC,WB,66.07,122.47
2022,5,WCE,SYD,46.21,102.22
2022,5,STK,GCFC,77.39,61.75
2022,5,ADEL,RICH,77.86,87.86
2022,5,MELB,GWS,99.21,56.67
2022,5,CARL,PORT,92.55,82.16
2022,5,ESS,FRE,66.18,98.22
2022,5,HAW,GEEL,84.07,90.49
2022,6,GWS,STK,67.62,78.72
2022,6,WB,ADEL,52.37,86.5
2022,6,PORT,WCE,99.75,45.49
2022,6,FRE,CARL,92.09,59.42
2022,6,NMFC,GEEL,60.82,119.44
2022,6,GCFC,BL,79.47,96.03
2022,6,RICH,MELB,46.54,104.75
2022,6,HAW,SYD,76.03,116.55
2022,6,ESS,COLL,67.79,54.68
2022,7,WCE,RICH,55.0,169.49
2022,7,GEEL,FRE,67.41,76.57
2022,7,ADEL,GWS,61.23,94.51
2022,7,MELB,HAW,89.06,78.91
2022,7,STK,PORT,64.99,56.78
2022,7,CARL,NMFC,124.34,61.48
2022,7,COLL,GCFC,109.93,77.31
2022,7,WB,ESS,99.1,71.07
2022,7,SYD,BL,83.04,89.93
2022,8,PORT,WB,100.28,74.7
2022,8,FRE,NMFC,99.69,34.73
2022,8,RICH,COLL,111.33,101.89
2022,8,SYD,GCFC,67.18,88.44
2022,8,GWS,GEEL,52.93,84.41
2022,8,ESS,HAW,109.55,92.53
2022,8,BL,WCE,97.13,37.09
2022,8,MELB,STK,84.88,57.74
2022,8,CARL,ADEL,107.91,61.7
2022,9,COLL,WB,54.05,105.0
2022,9,HAW,RICH,84.93,124.37
2022,9,NMFC,PORT,53.11,114.01
2022,9,STK,GEEL,105.47,70.92
2022,9,SYD,ESS,101.68,51.96
2022,9,ADEL,BL,70.82,80.93
2022,9,GCFC,FRE,66.31,63.51
2022,9,GWS,CARL,63.29,101.38
2022,9,WCE,MELB,45.11,107.98
2022,10,CARL,SYD,98.55,70.97
2022,10,WB,GCFC,116.83,81.67
2022,10,GEEL,PORT,81.07,50.13
2022,10,NMFC,MELB,49.15,97.41
2022,10,RICH,ESS,96.48,42.25
2022,10,ADEL,STK,86.53,63.83
2022,10,GWS,WCE,116.07,65.71
2022,10,HAW,BL,97.08,88.4
2022,10,FRE,COLL,44.12,75.74
2022,11,SYD,RICH,86.63,76.62
2022,11,GEEL,ADEL,81.81,62.93
2022,11,BL,GWS,109.12,71.03
2022,11,MELB,FRE,61.06,91.46
2022,11,WCE,WB,51.5,140.43
2022,11,GCFC,HAW,121.79,49.9
2022,11,STK,NMFC,94.27,66.74
2022,11,COLL,CARL,93.97,59.48
2022,11,PORT,ESS,71.6,64.61
2022,12,WB,GEEL,60.74,69.34
2022,12,ADEL,WCE,82.97,46.8
2022,12,GCFC,NMFC,117.77,39.47
2022,12,MELB,SYD,66.8,82.13
2022,12,HAW,COLL,68.97,82.28
2022,12,FRE,BL,85.91,84.85
2022,13,RICH,PORT,89.15,53.24
2022,13,ESS,CARL,61.13,74.54
2022,13,FRE,HAW,93.15,80.95
2022,13,BL,STK,96.97,67.94
2022,13,NMFC,GWS,67.38,98.37
2022,13,COLL,MELB,93.16,54.54
2022,14,RICH,CARL,80.06,77.89
2022,14,STK,ESS,68.38,111.04
2022,14,PORT,SYD,79.28,69.84
2022,14,WCE,GEEL,59.64,91.29
2022,14,GWS,WB,86.47,126.14
2022,14,GCFC,ADEL,117.87,82.68
2022,15,MELB,BL,108.95,53.38
2022,15,WB,HAW,114.08,81.94
2022,15,WCE,ESS,89.16,86.39
2022,15,CARL,FRE,80.46,64.62
2022,15,GEEL,RICH,85.19,87.65
2022,15,SYD,STK,85.29,46.46
2022,15,NMFC,ADEL,77.28,103.76
2022,15,COLL,GWS,103.68,71.58
2022,15,PORT,GCFC,96.24,97.65
2022,16,BL,WB,100.52,78.67
2022,16,CARL,STK,102.12,78.82
2022,16,ESS,SYD,77.07,93.09
2022,16,ADEL,MELB,59.05,93.9
2022,16,GCFC,COLL,57.97,72.5
2022,16,GEEL,NMFC,130.13,27.59
2022,16,RICH,WCE,93.87,87.74
2022,16,GWS,HAW,76.96,55.61
2022,16,FRE,PORT,90.1,76.54
2022,17,GEEL,MELB,99.95,53.43
2022,17,SYD,WB,113.37,84.4
2022,17,COLL,NMFC,88.14,69.86
2022,17,GCFC,RICH,87.28,118.87
2022,17,STK,FRE,69.6,99.62
2022,17,PORT,GWS,76.78,54.1
2022,17,BL,ESS,85.4,110.3
2022,17,HAW,ADEL,83.23,57.48
2022,17,WCE,CARL,49.36,115.47
2022,18,WB,STK,66.08,67.93
2022,18,GWS,BL,61.8,101.25
2022,18,ADEL,COLL,73.35,64.85
2022,18,NMFC,RICH,76.81,101.18
2022,18,CARL,GEEL,52.82,87.54
2022,18,FRE,SYD,61.03,76.82
2022,18,HAW,WCE,86.15,69.47
2022,18,MELB,PORT,78.43,74.85
2022,18,ESS,GCFC,122.49,49.08
2022,19,RICH,FRE,63.57,57.13
2022,19,SYD,ADEL,113.36,69.88
2022,19,NMFC,HAW,84.26,85.9
2022,19,PORT,GEEL,89.18,90.54
2022,19,BL,GCFC,90.16,85.41
2022,19,WB,MELB,89.22,89.6
2022,19,CARL,GWS,102.94,58.42
2022,19,COLL,ESS,71.48,79.24
2022,19,WCE,STK,55.62,70.34
2022,20,FRE,MELB,55.65,89.48
2022,20,COLL,PORT,75.83,72.79
2022,20,SYD,GWS,111.44,43.05
2022,20,STK,HAW,101.96,74.59
2022,20,GEEL,WB,93.04,67.57
2022,20,ADEL,CARL,93.87,69.98
2022,20,GCFC,WCE,97.23,96.28
2022,20,RICH,BL,96.56,100.8
2022,20,ESS,NMFC,95.63,80.49
2022,21,MELB,COLL,92.36,80.94
2022,21,HAW,GCFC,84.29,71.65
2022,21,GWS,ESS,93.07,60.7
2022,21,WB,FRE,86.79,77.36
2022,21,GEEL,STK,97.8,51.87
2022,21,PORT,RICH,74.22,117.06
2022,21,NMFC,SYD,90.8,118.18
2022,21,BL,CARL,109.93,77.85
2022,21,WCE,ADEL,79.12,76.93
2022,22,STK,BL,70.45,87.52
2022,22,WB,GWS,61.14,49.74
2022,22,ADEL,NMFC,93.6,85.26
2022,22,GCFC,GEEL,52.01,116.83
2022,22,MELB,CARL,80.96,75.55
2022,22,FRE,WCE,86.15,48.0
2022,22,RICH,HAW,102.37,61.96
2022,22,SYD,COLL,85.6,52.11
2022,22,ESS,PORT,62.95,124.85
2022,23,BL,MELB,57.86,83.39
2022,23,GWS,FRE,75.52,106.0
2022,23,NMFC,GCFC,68.24,125.08
2022,23,GEEL,WCE,116.2,30.21
2022,23,ESS,RICH,73.96,126.01
2022,23,PORT,ADEL,111.99,57.29
2022,23,HAW,WB,60.1,107.83
2022,23,CARL,COLL,81.25,62.19
2022,23,STK,SYD,75.84,94.68
2022,24,BL,RICH,94.98,86.15
2022,24,MELB,SYD,70.35,75.3
2022,24,GEEL,COLL,84.05,72.72
2022,24,FRE,WB,75.99,79.38
2022,25,MELB,BL,87.39,75.45
2022,25,COLL,FRE,79.86,63.48
2022,26,GEEL,BL,90.58,58.08
2022,26,SYD,COLL,89.24,76.45
2022,27,GEEL,SYD,107.7,40.89
2023,1,RICH,CARL,78.44,58.25
2023,1,GEEL,COLL,86.37,110.49
2023,1,NMFC,WCE,96.56,86.44
2023,1,PORT,BL,134.91,51.77
2023,1,MELB,WB,106.85,62.91
2023,1,GCFC,SYD,57.76,104.69
2023,1,GWS,ADEL,105.42,95.88
2023,1,HAW,ESS,60.2,109.5
2023,1,STK,FRE,69.27,69.38
2023,2,CARL,GEEL,93.61,72.64
2023,2,BL,MELB,83.48,68.7
2023,2,COLL,PORT,108.81,63.07
2023,2,ADEL,RICH,85.86,88.5
2023,2,WB,STK,52.11,79.87
2023,2,FRE,NMFC,67.8,60.15
2023,2,SYD,HAW,117.52,69.29
2023,2,ESS,GCFC,106.49,91.23
2023,2,WCE,GWS,92.99,93.07
2023,3,WB,BL,67.15,62.87
2023,3,COLL,RICH,76.66,53.82
2023,3,HAW,NMFC,87.54,57.57
2023,3,GWS,CARL,66.51,84.61
2023,3,STK,ESS,93.51,76.19
2023,3,PORT,ADEL,81.62,96.93
2023,3,GCFC,GEEL,81.1,69.68
2023,3,MELB,SYD,107.23,89.69
2023,3,FRE,WCE,94.97,82.98
2023,4,BL,COLL,112.58,86.29
2023,4,NMFC,CARL,84.24,97.59
2023,4,ADEL,FRE,89.73,68.21
2023,4,RICH,WB,78.1,88.14
2023,4,STK,GCFC,106.87,76.76
2023,4,SYD,PORT,83.14,74.03
2023,4,ESS,GWS,115.31,92.04
2023,4,WCE,MELB,68.36,116.8
2023,4,GEEL,HAW,122.07,58.44
2023,5,ADEL,CARL,110.88,58.04
2023,5,FRE,GCFC,105.19,85.58
2023,5,RICH,SYD,86.33,110.55
2023,5,BL,NMFC,163.1,63.54
2023,5,ESS,MELB,106.4,73.19
2023,5,PORT,WB,79.9,61.63
2023,5,GEEL,WCE,116.87,80.01
2023,5,GWS,HAW,95.83,75.91
2023,5,COLL,STK,68.23,64.97
2023,6,FRE,WB,63.6,119.89
2023,6,PORT,WCE,102.21,65.72
2023,6,GWS,BL,73.59,102.6
2023,6,GEEL,SYD,102.91,41.48
2023,6,HAW,ADEL,85.28,82.6
2023,6,CARL,STK,79.2,79.81
2023,6,GCFC,NMFC,109.3,66.64
2023,6,MELB,RICH,83.61,82.52
2023,6,COLL,ESS,78.67,68.68
2023,7,STK,PORT,81.91,85.74
2023,7,BL,FRE,105.59,63.97
2023,7,SYD,GWS,102.53,83.14
2023,7,WB,HAW,85.74,63.52
2023,7,MELB,NMFC,103.12,47.47
2023,7,WCE,CARL,43.74,135.04
2023,7,ESS,GEEL,85.37,110.91
2023,7,RICH,GCFC,57.11,73.86
2023,7,ADEL,COLL,76.52,57.17
2023,8,CARL,BL,68.67,93.68
2023,8,RICH,WCE,111.42,75.58
2023,8,GEEL,ADEL,84.63,65.97
2023,8,GCFC,MELB,84.55,78.29
2023,8,GWS,WB,70.91,69.76
2023,8,FRE,HAW,119.59,58.41
2023,8,PORT,ESS,108.28,67.97
2023,8,COLL,SYD,79.1,69.49
2023,8,NMFC,STK,61.92,76.77
2023,9,RICH,GEEL,76.29,78.3
2023,9,WCE,GCFC,35.36,116.0
2023,9,SYD,FRE,64.79,100.94
2023,9,NMFC,PORT,52.0,105.55
2023,9,HAW,MELB,49.68,90.15
2023,9,BL,ESS,100.89,58.36
2023,9,CARL,WB,62.46,67.7
2023,9,ADEL,STK,103.3,73.94
2023,9,COLL,GWS,103.72,76.04
2023,10,PORT,MELB,99.83,75.36
2023,10,NMFC,SYD,81.14,85.32
2023,10,WB,ADEL,101.49,54.6
2023,10,FRE,GEEL,95.67,79.43
2023,10,BL,GCFC,104.2,61.74
2023,10,ESS,RICH,74.54,75.12
2023,10,HAW,WCE,121.7,24.52
2023,10,CARL,COLL,62.57,90.74
2023,10,GWS,STK,66.49,99.28
2023,11,SYD,CARL,68.9,68.27
2023,11,STK,HAW,85.13,108.22
2023,11,MELB,FRE,80.69,65.99
2023,11,GEEL,GWS,75.33,89.12
2023,11,GCFC,WB,77.64,86.05
2023,11,WCE,ESS,61.21,101.13
2023,11,RICH,PORT,71.62,92.52
2023,11,COLL,NMFC,90.14,75.65
2023,11,ADEL,BL,84.71,83.76
2023,12,MELB,CARL,83.65,42.85
2023,12,PORT,HAW,127.87,94.71
2023,12,WCE,COLL,55.07,107.7
2023,12,WB,GEEL,89.35,85.23
2023,12,GCFC,ADEL,97.28,79.81
2023,12,GWS,RICH,92.04,109.04
2023,12,ESS,NMFC,103.86,84.02
2023,13,SYD,STK,52.54,79.82
2023,13,WB,PORT,71.88,94.89
2023,13,HAW,BL,77.56,71.05
2023,13,ADEL,WCE,140.9,51.6
2023,13,FRE,RICH,73.46,72.31
2023,13,NMFC,GWS,68.29,110.25
2023,13,CARL,ESS,79.95,80.9
2023,13,MELB,COLL,87.19,59.41
2023,14,PORT,GEEL,113.26,67.74
2023,14,BL,SYD,105.08,65.6
2023,14,GWS,FRE,106.04,58.05
2023,14,RICH,STK,83.71,72.67
2023,14,CARL,GCFC,125.3,64.11
2023,14,NMFC,WB,79.99,103.34
2023,15,GEEL,MELB,76.47,72.94
2023,15,STK,BL,66.78,86.82
2023,15,SYD,WCE,184.29,36.51
2023,15,FRE,ESS,83.48,67.56
2023,15,COLL,ADEL,87.57,86.68
2023,15,GCFC,HAW,105.42,48.3
2023,16,BL,RICH,119.84,49.68
2023,16,SYD,GEEL,97.92,66.24
2023,16,WB,FRE,83.32,79.34
2023,16,ADEL,NMFC,123.38,65.24
2023,16,GCFC,COLL,57.44,126.89
2023,16,ESS,PORT,81.09,66.74
2023,16,HAW,CARL,53.49,102.04
2023,16,MELB,GWS,75.0,42.33
2023,16,WCE,STK,55.83,102.99
2023,17,RICH,SYD,105.14,71.14
2023,17,WB,COLL,79.13,79.56
2023,17,BL,WCE,120.9,32.5
2023,17,GWS,HAW,89.71,74.09
2023,17,STK,MELB,69.3,60.62
2023,17,PORT,GCFC,104.21,66.22
2023,17,GEEL,NMFC,124.43,49.18
2023,17,ESS,ADEL,103.4,71.77
2023,17,FRE,CARL,60.99,100.24
2023,18,SYD,WB,81.6,74.77
2023,18,MELB,BL,77.12,90.06
2023,18,COLL,FRE,97.79,77.07
2023,18,GCFC,STK,79.19,46.71
2023,18,CARL,PORT,113.85,87.94
2023,18,GEEL,ESS,109.31,39.14
2023,18,ADEL,GWS,61.42,69.18
2023,18,NMFC,HAW,30.38,87.94
2023,18,WCE,RICH,76.16,112.4
2023,19,ESS,WB,52.64,78.49
2023,19,RICH,HAW,103.08,67.61
2023,19,CARL,WCE,129.71,62.68
2023,19,BL,GEEL,64.52,61.21
2023,19,FRE,SYD,65.06,80.82
2023,19,PORT,COLL,89.17,57.11
2023,19,GWS,GCFC,105.78,50.21
2023,19,MELB,ADEL,95.96,85.68
2023,19,STK,NMFC,82.92,63.81
2023,20,COLL,CARL,90.72,84.81
2023,20,GEEL,FRE,76.64,76.84
2023,20,WB,GWS,83.02,89.14
2023,20,GCFC,BL,98.91,72.62
2023,20,ESS,SYD,91.82,91.59
2023,20,ADEL,PORT,109.36,68.8
2023,20,HAW,STK,82.17,102.52
2023,20,RICH,MELB,84.79,121.75
2023,20,WCE,NMFC,83.97,73.17
2023,21,WB,RICH,136.31,75.3
2023,21,ESS,WCE,84.65,66.8
2023,21,ADEL,GCFC,104.29,59.51
2023,21,HAW,COLL,100.31,60.88
2023,21,GEEL,PORT,99.63,92.51
2023,21,GWS,SYD,79.01,75.08
2023,21,NMFC,MELB,70.12,90.02
2023,21,STK,CARL,49.41,59.91
2023,21,FRE,BL,71.49,77.37
2023,22,COLL,GEEL,107.29,85.27
2023,22,NMFC,ESS,68.28,81.95
2023,22,SYD,GCFC,100.02,79.6
2023,22,BL,ADEL,91.1,100.87
2023,22,CARL,MELB,53.37,59.2
2023,22,WCE,FRE,48.5,116.87
2023,22,HAW,WB,80.01,71.63
2023,22,STK,RICH,91.51,75.4
2023,22,PORT,GWS,106.8,76.13
2023,23,COLL,BL,90.48,92.04
2023,23,RICH,NMFC,102.0,93.31
2023,23,GCFC,CARL,87.51,92.12
2023,23,GWS,ESS,133.45,45.73
2023,23,STK,GEEL,109.78,54.94
2023,23,ADEL,SYD,76.91,81.78
2023,23,WB,WCE,81.86,81.53
2023,23,MELB,HAW,85.85,56.47
2023,23,FRE,PORT,65.66,82.0
2023,24,ESS,COLL,49.38,82.36
2023,24,NMFC,GCFC,117.43,91.04
2023,24,HAW,FRE,56.69,85.17
2023,24,BL,STK,102.72,54.33
2023,24,GEEL,WB,98.35,87.0
2023,24,WCE,ADEL,69.76,137.69
2023,24,PORT,RICH,107.53,74.36
2023,24,SYD,MELB,89.25,90.48
2023,24,CARL,GWS,66.45,97.53
2023,25,COLL,MELB,53.53,71.81
2023,25,CARL,SYD,70.03,70.83
2023,25,STK,GWS,82.39,95.89
2023,25,BL,PORT,101.76,89.76
2023,26,MELB,CARL,81.8,63.63
2023,26,PORT,GWS,79.08,94.21
2023,27,COLL,GWS,59.59,64.63
2023,27,BL,CARL,85.73,62.78
2023,28,COLL,BL,82.08,68.48
2024,0,SYD,MELB,84.98,63.66
2024,0,BL,CARL,84.28,66.08
2024,0,GCFC,RICH,104.25,50.42
2024,0,GWS,COLL,73.35,90.6
2024,1,CARL,RICH,95.91,81.47
2024,1,COLL,SYD,62.81,100.51
2024,1,ESS,HAW,79.86,90.25
2024,1,GWS,NMFC,136.57,67.16
2024,1,GEEL,STK,97.87,89.45
2024,1,GCFC,ADEL,63.38,49.97
2024,1,MELB,WB,87.54,70.39
2024,1,PORT,WCE,127.09,73.7
2024,1,FRE,BL,85.82,71.34
2024,2,STK,COLL,75.44,67.52
2024,2,ADEL,GEEL,85.06,77.56
2024,2,NMFC,FRE,77.52,97.08
2024,2,HAW,MELB,48.45,77.71
2024,2,SYD,ESS,116.87,92.84
2024,2,WB,GCFC,104.87,59.33
2024,2,RICH,PORT,82.68,129.3
2024,2,WCE,GWS,47.0,94.74
2024,3,BL,COLL,64.33,71.13
2024,3,NMFC,CARL,72.55,123.29
2024,3,FRE,ADEL,80.88,41.36
2024,3,ESS,STK,77.35,83.84
2024,3,PORT,MELB,93.64,65.34
2024,3,WB,WCE,91.72,56.36
2024,3,RICH,SYD,77.93,76.63
2024,3,HAW,GEEL,74.78,78.91
2024,4,ADEL,MELB,80.94,85.51
2024,4,BL,NMFC,135.54,41.99
2024,4,PORT,ESS,89.72,40.22
2024,4,WCE,SYD,90.83,102.76
2024,4,FRE,CARL,74.65,81.05
2024,4,WB,GEEL,93.29,82.94
2024,4,GCFC,GWS,87.31,102.79
2024,4,RICH,STK,53.26,75.62
2024,4,COLL,HAW,74.33,66.75
2024,5,MELB,BL,58.13,83.07
2024,5,WB,ESS,81.76,81.6
2024,5,GWS,STK,82.98,80.65
2024,5,CARL,ADEL,95.1,95.04
2024,5,GCFC,HAW,82.73,51.97
2024,5,PORT,FRE,76.93,61.5
2024,5,GEEL,NMFC,125.24,55.18
2024,5,WCE,RICH,112.05,73.05
2024,6,STK,WB,72.49,105.42
2024,6,ADEL,ESS,63.16,84.37
2024,6,COLL,PORT,121.85,73.35
2024,6,CARL,GWS,117.02,89.72
2024,6,BL,GEEL,50.31,60.22
2024,6,WCE,FRE,91.05,64.34
2024,6,SYD,GCFC,81.62,57.2
2024,6,NMFC,HAW,64.12,101.13
2024,7,RICH,MELB,56.27,77.48
2024,7,ESS,COLL,81.78,90.34
2024,7,GWS,BL,82.75,68.43
2024,7,PORT,STK,91.92,54.7
2024,7,NMFC,ADEL,62.98,122.24
2024,7,GEEL,CARL,99.64,99.21
2024,7,FRE,WB,96.03,76.63
2024,7,GCFC,WCE,88.13,56.18
2024,7,HAW,SYD,66.25,93.37
2024,8,ADEL,PORT,59.7,69.4
2024,8,CARL,COLL,81.32,81.2
2024,8,SYD,GWS,74.82,55.14
2024,8,STK,NMFC,96.4,56.97
2024,8,MELB,GEEL,84.11,62.99
2024,8,WCE,ESS,89.94,79.86
2024,8,RICH,FRE,48.84,98.01
2024,8,WB,HAW,94.88,115.7
2024,8,BL,GCFC,99.53,51.79
2024,9,CARL,MELB,51.07,72.26
2024,9,GEEL,PORT,92.42,92.61
2024,9,FRE,SYD,78.35,89.75
2024,9,HAW,STK,65.41,70.74
2024,9,ESS,GWS,82.47,65.73
2024,9,RICH,WB,38.05,142.09
2024,9,GCFC,NMFC,111.45,61.45
2024,9,COLL,WCE,99.9,43.43
2024,9,ADEL,BL,87.03,91.87
2024,10,GCFC,GEEL,128.05,74.68
2024,10,SYD,CARL,111.84,63.93
2024,10,COLL,ADEL,68.2,67.77
2024,10,GWS,WB,51.02,91.29
2024,10,BL,RICH,147.9,62.82
2024,10,STK,FRE,53.15,106.27
2024,10,ESS,NMFC,99.5,68.04
2024,10,PORT,HAW,68.96,78.79
2024,10,WCE,MELB,106.91,64.36
2024,11,WB,SYD,92.34,87.22
2024,11,FRE,COLL,62.35,96.73
2024,11,NMFC,PORT,51.53,96.23
2024,11,CARL,GCFC,100.98,64.32
2024,11,GEEL,GWS,64.39,73.17
2024,11,RICH,ESS,66.13,80.5
2024,11,HAW,BL,95.98,83.6
2024,11,MELB,STK,95.94,79.71
2024,11,ADEL,WCE,109.39,53.31
2024,12,PORT,CARL,80.31,91.1
2024,12,COLL,WB,78.24,98.43
2024,12,HAW,ADEL,100.11,60.11
2024,12,WCE,STK,62.2,88.7
2024,12,GEEL,RICH,90.39,66.83
2024,12,MELB,FRE,57.45,117.42
2024,12,GCFC,ESS,77.98,93.46
2024,13,ADEL,RICH,88.07,69.43
2024,13,WB,BL,69.36,105.0
2024,13,HAW,GWS,105.32,85.31
2024,13,WCE,NMFC,75.32,77.85
2024,13,STK,GCFC,62.33,53.55
2024,13,SYD,GEEL,86.03,71.1
2024,13,ESS,CARL,94.71,85.42
2024,13,COLL,MELB,70.16,68.13
2024,14,BL,STK,108.9,92.21
2024,14,WB,FRE,133.74,83.88
2024,14,RICH,HAW,53.2,96.89
2024,14,ADEL,SYD,52.66,108.05
2024,14,NMFC,COLL,94.3,102.17
2024,14,GWS,PORT,89.42,61.56
2024,15,CARL,GEEL,116.53,71.37
2024,15,PORT,BL,79.15,108.44
2024,15,GWS,SYD,77.36,91.01
2024,15,MELB,NMFC,56.5,62.19
2024,15,ESS,WCE,97.77,79.74
2024,15,FRE,GCFC,86.72,61.35
2024,16,BL,MELB,89.85,84.49
2024,16,NMFC,WB,55.44,93.51
2024,16,SYD,FRE,91.65,73.87
2024,16,GCFC,COLL,110.65,83.96
2024,16,ADEL,GWS,110.47,76.41
2024,16,GEEL,ESS,93.93,62.7
2024,16,STK,PORT,76.43,76.97
2024,16,RICH,CARL,68.61,92.75
2024,16,WCE,HAW,45.36,120.72
2024,17,COLL,ESS,70.03,100.48
2024,17,PORT,WB,111.13,54.31
2024,17,NMFC,GCFC,67.86,80.72
2024,17,GEEL,HAW,120.83,52.3
2024,17,GWS,CARL,101.14,79.24
2024,17,FRE,RICH,95.78,68.6
2024,17,MELB,WCE,102.86,66.98
2024,17,STK,SYD,75.52,91.73
2024,17,BL,ADEL,104.31,69.84
2024,18,COLL,GEEL,67.83,90.45
2024,18,HAW,FRE,82.73,77.19
2024,18,SYD,NMFC,133.64,52.75
2024,18,WB,CARL,100.21,91.75
2024,18,ADEL,STK,67.39,55.95
2024,18,MELB,ESS,71.36,76.6
2024,18,GCFC,PORT,84.88,65.07
2024,18,RICH,GWS,95.5,88.9
2024,18,WCE,BL,83.56,100.0
2024,19,ESS,ADEL,97.37,80.99
2024,19,GWS,GCFC,63.43,84.1
2024,19,STK,WCE,105.3,43.36
2024,19,HAW,COLL,115.31,80.8
2024,19,PORT,RICH,110.13,62.5
2024,19,GEEL,WB,49.52,117.2
2024,19,BL,SYD,81.87,66.03
2024,19,FRE,MELB,126.41,59.29
2024,19,CARL,NMFC,95.38,73.25
2024,20,CARL,PORT,64.05,96.5
2024,20,NMFC,GEEL,64.31,88.68
2024,20,GCFC,BL,82.33,94.1
2024,20,STK,ESS,97.95,53.18
2024,20,MELB,GWS,63.82,76.96
2024,20,FRE,WCE,110.22,60.13
2024,20,COLL,RICH,93.59,88.0
2024,20,SYD,WB,53.75,105.21
2024,20,ADEL,HAW,60.89,110.52
2024,21,WB,MELB,134.87,61.66
2024,21,WCE,GCFC,82.0,92.07
2024,21,NMFC,RICH,69.09,84.98
2024,21,GEEL,ADEL,105.91,72.24
2024,21,PORT,SYD,137.61,33.55
2024,21,COLL,CARL,87.52,77.95
2024,21,GWS,HAW,85.79,76.42
2024,21,ESS,FRE,70.46,61.11
2024,21,STK,BL,46.76,100.85
2024,22,SYD,COLL,73.88,93.83
2024,22,BL,GWS,95.29,63.51
2024,22,NMFC,WCE,91.23,101.85
2024,22,FRE,GEEL,59.88,73.0
2024,22,MELB,PORT,62.21,76.97
2024,22,ESS,GCFC,88.44,91.94
2024,22,CARL,HAW,45.42,103.83
2024,22,RICH,STK,70.58,99.9
2024,22,ADEL,WB,100.33,94.81
2024,23,ESS,SYD,72.21,73.11
2024,23,GWS,FRE,89.46,94.26
2024,23,GCFC,MELB,58.88,103.64
2024,23,COLL,BL,86.04,85.06
2024,23,STK,GEEL,95.64,74.84
2024,23,PORT,ADEL,45.56,30.16
2024,23,HAW,RICH,129.71,55.18
2024,23,WCE,CARL,14.15,20.46
2024,24,MELB,COLL,59.79,112.58
2024,24,HAW,NMFC,135.4,46.13
2024,24,GEEL,WCE,149.5,69.84
2024,24,RICH,GCFC,58.99,84.2
2024,24,BL,ESS,99.58,59.86
2024,24,SYD,ADEL,84.23,84.06
2024,24,WB,GWS,94.37,54.48
2024,24,CARL,STK,72.78,76.69
2024,24,FRE,PORT,79.29,76.82
2024,25,PORT,GEEL,56.76,131.38
2024,25,WB,HAW,52.12,96.42
2024,25,SYD,GWS,66.74,77.64
2024,25,BL,CARL,108.93,62.61
2024,26,PORT,HAW,65.4,58.31
2024,26,GWS,BL,97.03,96.62
2024,27,SYD,PORT,90.1,76.07
2024,27,GEEL,BL,97.3,86.87
2024,28,SYD,BL,58.33,113.6
2025,0,SYD,HAW,63.53,95.3
2025,0,GWS,COLL,87.65,85.08
2025,1,RICH,CARL,59.84,76.06
2025,1,HAW,ESS,95.12,75.89
2025,1,GEEL,FRE,127.01,70.37
2025,1,SYD,BL,90.23,83.4
2025,1,COLL,PORT,110.68,62.46
2025,1,WB,NMFC,97.99,92.52
2025,1,ADEL,STK,113.07,70.04
2025,1,MELB,GWS,83.76,73.25
2025,1,WCE,GCFC,45.59,126.86
2025,2,CARL,HAW,69.56,67.42
2025,2,WB,COLL,62.05,92.7
2025,2,ESS,ADEL,81.71,116.81
2025,2,PORT,RICH,112.12,71.97
2025,2,STK,GEEL,89.55,93.86
2025,2,BL,WCE,89.99,63.41
2025,2,NMFC,MELB,107.64,83.16
2025,2,FRE,SYD,85.55,76.42
2025,3,ESS,PORT,84.38,68.02
2025,3,CARL,WB,62.24,75.62
2025,3,MELB,GCFC,65.0,116.41
2025,3,STK,RICH,125.79,58.32
2025,3,BL,GEEL,77.42,50.55
2025,3,HAW,GWS,93.69,66.83
2025,3,ADEL,NMFC,100.62,65.66
2025,3,WCE,FRE,66.21,120.18
2025,4,COLL,CARL,82.49,49.12
2025,4,GEEL,MELB,93.6,45.1
2025,4,GCFC,ADEL,98.09,80.88
2025,4,RICH,BL,80.23,84.98
2025,4,NMFC,SYD,51.67,106.87
2025,4,GWS,WCE,129.81,59.81
2025,4,PORT,STK,81.57,80.76
2025,4,FRE,WB,88.61,73.04
2025,5,ADEL,GEEL,84.86,105.39
2025,5,COLL,SYD,95.43,70.49
2025,5,NMFC,GCFC,87.34,111.38
2025,5,CARL,WCE,129.17,61.5
2025,5,WB,BL,101.56,110.14
2025,5,MELB,ESS,59.22,79.94
2025,5,RICH,FRE,39.42,99.18
2025,5,STK,GWS,78.26,98.12
2025,5,PORT,HAW,112.78,82.28
2025,6,BL,COLL,75.55,91.77
2025,6,NMFC,CARL,49.95,130.65
2025,6,WCE,ESS,76.69,74.65
2025,6,MELB,FRE,100.59,89.97
2025,6,ADEL,GWS,69.68,47.79
2025,6,RICH,GCFC,66.13,79.25
2025,6,SYD,PORT,87.39,75.53
2025,6,WB,STK,118.06,55.22
2025,6,GEEL,HAW,107.05,89.86
2025,7,MELB,RICH,85.62,67.61
2025,7,COLL,ESS,91.3,55.61
2025,7,FRE,ADEL,84.39,76.74
2025,7,STK,BL,57.97,134.43
2025,7,PORT,NMFC,93.44,99.82
2025,7,GWS,WB,106.12,87.94
2025,7,GCFC,SYD,113.39,84.48
2025,7,CARL,GEEL,80.7,75.38
2025,7,HAW,WCE,131.46,72.62
2025,8,ESS,NMFC,71.25,65.22
2025,8,STK,FRE,99.76,29.77
2025,8,WB,PORT,126.95,58.94
2025,8,ADEL,CARL,106.44,53.46
2025,8,WCE,MELB,70.04,104.2
2025,8,COLL,GEEL,102.99,81.05
2025,8,SYD,GWS,83.84,75.71
2025,8,HAW,RICH,107.19,62.52
2025,8,BL,GCFC,84.5,55.85
2025,9,FRE,COLL,71.67,84.64
2025,9,STK,CARL,58.97,75.57
2025,9,MELB,HAW,71.09,85.64
2025,9,ESS,SYD,51.87,72.52
2025,9,GCFC,WB,104.17,91.59
2025,9,PORT,ADEL,93.15,79.1
2025,9,RICH,WCE,81.76,79.14
2025,9,GEEL,GWS,111.1,97.38
2025,9,NMFC,BL,96.33,72.4
2025,10,GCFC,HAW,70.88,83.03
2025,10,SYD,CARL,76.48,60.62
2025,10,COLL,ADEL,81.22,77.12
2025,10,GWS,FRE,75.65,100.26
2025,10,PORT,GEEL,48.76,104.9
2025,10,WB,ESS,140.62,51.47
2025,10,RICH,NMFC,71.95,68.68
2025,10,BL,MELB,87.55,113.91
2025,10,WCE,STK,97.93,79.15
2025,11,GEEL,WB,112.41,112.49
2025,11,ESS,RICH,85.59,48.4
2025,11,CARL,GWS,72.41,86.15
2025,11,HAW,BL,69.29,96.45
2025,11,NMFC,COLL,61.43,98.96
2025,11,FRE,PORT,78.55,63.3
2025,11,ADEL,WCE,131.07,71.26
2025,11,MELB,SYD,125.49,62.38
2025,11,STK,GCFC,69.01,81.5
2025,12,BL,ESS,88.26,72.03
2025,12,COLL,HAW,99.53,62.14
2025,12,GCFC,FRE,75.35,64.76
2025,12,GWS,RICH,57.86,78.43
2025,12,SYD,ADEL,52.52,102.11
2025,12,MELB,STK,82.73,81.66
2025,12,WCE,GEEL,69.16,106.26
2025,13,WB,HAW,65.07,77.82
2025,13,ADEL,BL,59.03,87.89
2025,13,RICH,SYD,57.18,85.56
2025,13,GEEL,GCFC,55.21,38.23
2025,13,GWS,PORT,50.29,67.89
2025,13,NMFC,WCE,81.86,79.38
2025,13,CARL,ESS,91.8,66.07
2025,13,MELB,COLL,69.72,62.99
2025,14,STK,WB,64.38,120.76
2025,14,HAW,ADEL,68.97,82.79
2025,14,BL,GWS,99.1,76.23
2025,14,ESS,GEEL,57.15,118.94
2025,14,NMFC,FRE,59.08,83.51
2025,14,PORT,MELB,99.51,85.49
2025,14,WCE,CARL,63.61,103.71
2025,15,FRE,ESS,71.09,57.19
2025,15,GEEL,BL,91.13,84.84
2025,15,CARL,NMFC,77.83,75.94
2025,15,PORT,SYD,58.16,103.88
2025,15,COLL,STK,96.01,84.1
2025,15,GWS,GCFC,87.43,105.03
2025,15,WB,RICH,123.68,72.58
2025,16,PORT,CARL,107.99,82.9
2025,16,SYD,WB,91.92,78.29
2025,16,GCFC,MELB,113.25,97.18
2025,16,HAW,NMFC,119.85,75.25
2025,16,COLL,WCE,87.1,73.23
2025,16,RICH,ADEL,41.92,112.98
2025,16,FRE,STK,89.93,71.51
2025,17,NMFC,WB,82.65,123.14
2025,17,CARL,COLL,60.27,91.34
2025,17,WCE,GWS,60.89,106.62
2025,17,ESS,GCFC,65.91,99.74
2025,17,GEEL,RICH,124.18,49.68
2025,17,BL,PORT,97.64,73.35
2025,17,STK,HAW,92.57,95.92
2025,17,SYD,FRE,71.52,83.74
2025,17,ADEL,MELB,83.07,75.03
2025,18,CARL,BL,79.25,107.94
2025,18,GCFC,COLL,71.89,78.6
2025,18,WB,ADEL,89.37,104.99
2025,18,GWS,GEEL,92.93,69.07
2025,18,RICH,ESS,41.1,41.24
2025,18,FRE,HAW,63.95,65.45
2025,18,MELB,NMFC,94.83,79.69
2025,18,STK,SYD,74.43,75.31
2025,18,PORT,WCE,94.41,69.44
2025,19,ESS,GWS,77.72,99.95
2025,19,BL,WB,102.15,70.63
2025,19,HAW,PORT,80.21,47.27
2025,19,SYD,NMFC,84.23,46.05
2025,19,CARL,MELB,63.81,71.92
2025,19,WCE,RICH,65.75,97.24
2025,19,GEEL,STK,104.66,88.84
2025,19,COLL,FRE,71.09,75.23
2025,19,ADEL,GCFC,80.6,59.33
2025,20,HAW,CARL,88.67,60.12
2025,20,ESS,WB,61.15,129.36
2025,20,GWS,SYD,111.49,59.79
2025,20,GCFC,BL,112.05,67.64
2025,20,FRE,WCE,123.51,72.21
2025,20,NMFC,GEEL,61.76,155.03
2025,20,ADEL,PORT,131.13,43.85
2025,20,RICH,COLL,63.37,86.77
2025,20,STK,MELB,74.4,89.98
2025,21,WB,GWS,132.84,49.89
2025,21,ADEL,HAW,82.91,89.79
2025,21,MELB,WCE,133.92,57.79
2025,21,GCFC,RICH,90.26,49.88
2025,21,SYD,ESS,89.51,67.45
2025,21,COLL,BL,60.6,81.36
2025,21,STK,NMFC,87.31,65.56
2025,21,GEEL,PORT,142.26,54.48
2025,21,FRE,CARL,74.71,60.11
2025,22,HAW,COLL,104.18,51.48
2025,22,GEEL,ESS,120.26,62.51
2025,22,RICH,STK,42.39,52.89
2025,22,BL,SYD,96.1,104.61
2025,22,CARL,GCFC,79.82,89.43
2025,22,PORT,FRE,84.72,102.79
2025,22,GWS,NMFC,113.39,65.01
2025,22,MELB,WB,92.57,101.63
2025,22,WCE,ADEL,59.59,81.8
2025,23,ESS,STK,74.75,97.0
2025,23,FRE,BL,65.58,99.58
2025,23,GCFC,GWS,77.01,95.3
2025,23,CARL,PORT,113.81,76.89
2025,23,HAW,MELB,91.8,61.07
2025,23,ADEL,COLL,56.9,63.46
2025,23,NMFC,RICH,129.4,81.5
2025,23,SYD,GEEL,67.18,110.27
2025,23,WB,WCE,121.95,47.71
2025,24,ESS,CARL,62.97,79.88
2025,24,COLL,MELB,86.38,71.63
2025,24,PORT,GCFC,87.37,87.16
2025,24,NMFC,ADEL,110.25,93.98
2025,24,RICH,GEEL,69.83,99.1
2025,24,WCE,SYD,53.62,101.9
2025,24,GWS,STK,103.52,92.59
2025,24,WB,FRE,91.24,104.46
2025,24,BL,HAW,108.11,67.52
2025,24,GCFC,ESS,123.46,49.98
2025,25,ADEL,COLL,58.31,76.63
2025,25,GEEL,BL,109.1,76.29
2025,25,GWS,HAW,83.43,82.15
2025,25,FRE,GCFC,77.5,75.85
2025,26,ADEL,HAW,60.1,100.04
2025,26,BL,GCFC,107.93,56.29
